register,block,description,fields,scope_count,sample_value,ported_by_us,importance_guess,address
ALTERNATE_EMIRROR_BITMAP_PARITY_CONTROL,IPIPE,"Parity Control for ALTERNATE_EMIRROR_BITMAP table, FeatureSpecific-Ethernet",PARITY_EN        This bit enables parity checking for the ALTERNATE_EMIRROR_BITMAP table.,1,0x00000001,no,low (parity init),0x0f180d34
ARB_EOP_DEBUG,IPIPE,Forces accesses to stages to be eop resource,ICFG             Forces all registers in stage to be eop resource when set; IPARS            Forces all registers in stage to be eop resource when set; IDISC            Forces all registers in stage to be eop resource when set; IVXLT            Forces all registers in stage to be eop resource when set; IMPLS            Forces all registers in stage to be eop resource when set; IL2LU_1          Forces all registers in stage to be eop resource when set; IL2LU_2          Forces all registers in stage to be eop resource when set; IL2LU_3          Forces all registers in stage to be eop resource when set; IL3LU            Forces all registers in stage to be eop resource when set; ILPM             Forces all registers in stage to be eop resource when set; IRSEL1           Forces all registers in stage to be eop resource when set; ISW1             Forces all registers in stage to be eop resource when set; IFP              Forces all registers in stage to be eop resource when set; IRSEL2           Forces all registers in stage to be eop resource when set; IDLB             Forces all registers in stage to be eop resource when set; ISW2             Forces all registers in stage to be eop resource when set,1,0x00020000,no,unknown,0x0018070c
ASF_PORT_SPEED,MMU,ASF_PORT_SPEED,"ASF_PORT_SPEED   port_speed: port speed (for ASF check) for port X0  = (do not participate in ASF)2  = 10Mbps-half-duplex, 3  = 10Mbps-full-duplex, 4  = 100Mbps-half-duplex, 5  = 100Mbps-full-duplex,6  = 1Gbps-half-duplex, 7  = 1Gbps-full-duplex, 8  = 2.5Gbps-half-duplex, 9  = 2.5Gbps-full-duplex,12 = 10Gbps (full duplex), 13 = 12Gbps (full duplex), 14 = 13Gbps (full duplex), 15 = 15Gbps (full duplex)16 = 16Gbps (full duplex)18 = 20Gbps (full duplex)20 = 24Gbps (full duplex)24 = 30Gbps (full duplex)28 = 40Gbps (full duplex)[any values are valid as long as they go from slowest to fastest and are relative to the other ports]",2,0x0000000c,no,medium (MMU),0x03300000
AUX_ARB_CONTROL,IPIPE,IP auxilary arbiter control register for L2 table,L2_MOD_FIFO_ENABLE_MEMWR Enable L2_MOD_FIFO recording for MEMWR.; L2_MOD_FIFO_ENABLE_LEARN Enable L2_MOD_FIFO recording for LEARN.; RESERVED_0       RESERVED; L2_MOD_FIFO_ENABLE_L2_INSERT Enable L2_MOD_FIFO recording for L2_INSERT.; L2_MOD_FIFO_ENABLE_AGE Enable L2_MOD_FIFO recording for AGE.; RESERVED_1       RESERVED; L2_MOD_FIFO_ENABLE_L2_DELETE Enable L2_MOD_FIFO recording for L2_DELETE.,1,0x00000012,yes,HIGH (data path),0x00180700
AUX_ARB_CONTROL_2,IPIPE,"Broadcast Block Mask, FeatureSpecific-Ethernet.",CLK_GRAN         clock granularity for ages (speed up for simulation use only); RESERVED_AUX_ARB_CONTROL_2 Reserved; SBUS_SPACING     specifies minimum spacing between sbus ops; SBUS_ARB_BLOCK_CNT specifies cycles hi-priority sbus arb slot is blocked out after every s-bus trans; FP_REFRESH_ENABLE 1 - Iarb will send out fp_refresh_ticks for IFP meters; FP_REFRESH_MODE  This field selects how many fp_refresh op Iarb sends every 7.8125us. 0 = 128 fp_refreshes; 1 = 64 fp_refreshes; 2 = 32 fp_refreshes; 3 = Reserved; DLB_HGT_REFRESH_ENABLE 1 - Iarb will send out dlb_hgt_refresh_tick for DLB_HGT refresh; DLB_HGT_256NS_REFRESH_ENABLE 1 - Iarb will send out dlb_hgt_256ns_refresh_tick for DLB_HGT refresh; BLK_BITMAP       Bitmap of ports to be blocked.; BLK_BITMAP_W0    Overlay bitmap for ports 31:0.; BLK_BITMAP_W1    Overlay bitmap for ports 63:32.; BLK_BITMAP_W2    Overlay bitmap for ports 65:64.; EVEN_PARITY      Even parity.,1,0x0327f863,no,HIGH (data path),0x00180701
BCAST_BLOCK_MASK_PARITY_CONTROL,IPIPE,"Parity Control for BCAST_BLOCK_MASK table, FeatureSpecific-Ethernet",PARITY_EN        This bit enables parity checking for the BCAST_BLOCK_MASK table.,1,0x00000001,no,low (parity init),0x0f180d5e
BUFFER_CELL_LIMIT_SP,MMU,BUFFER_CELL_LIMIT per Service Pool,LIMIT            The combined limit for cell usage by all ports for this service pool.,2,0x00000566,yes,HIGH (data path),0x0238010a
BUFFER_CELL_LIMIT_SP_SHARED,MMU,BUFFER_CELL_LIMIT for shared Service Pool,LIMIT            The combined limit for cell usage by all ports for this service pool.,1,0x000058d6,yes,HIGH (data path),0x0238010e
CBL_ATTRIBUTE,IPIPE,"Class based station movement attribute register, index from PORT_CBL_TABLE.",ALLOW_MOVE_IN_CLASS Allow station movement within the class.; PORT_LEARNING_PRIORITY Port learning priority.,4,0x00000001,no,unknown,0x0b180602
CELL_RESET_LIMIT_OFFSET_SP,MMU,CELL_RESET_LIMIT_OFFSET per Service Pool,OFFSET           The reset limit offset for this service pool.,2,0x00000064,yes,medium (MMU),0x02380114
CFAPBANK0STATUS,MMU,Specifies the CFAP Bank 0 status,STKPTR           The current stack pointers in the CFAP Bank 0 memory.; FULLSTATUS       Current CFAP Bank 0 FULL Status,1,0x0000001a,no,medium (MMU),0x07380020
CFAPBANKFULL,MMU,CFAP Bank Full limit,"LIMIT            Defines the full threshold of entering CFAP FULL condition in each bank.CFAP bank is full when stack pointer of this CFAP bank is above this limit.otp_to_mmu_size = 2'b00, Bank 0 to 15, the maximum value of LIMIT = 0x5ffotp_to_mmu_size = 2'b01, Bank 0 to 7,  the maximum value of LIMIT = 0x5ffotp_to_mmu_size = 2'b01, Bank 8 to 15, the maximum value of LIMIT = 0x2ffotp_to_mmu_size = 2'b10, Bank 0 to 15, the maximum value of LIMIT = 0x2ffotp_to_mmu_size = 2'b11, Bank 0 to 15, the maximum value of LIMIT = 0x2ffIf write to a CFAPBANKFULL with a value greater than maximum limt, the read back data will be equal to maximum limit.",16,0x000005ff,no,medium (MMU),0x07380010
CFAPDEBUGSCR0,MMU,,PTR              Scratch pad 0 pointer.; VLD              Scratch pad 0 valid.,1,0x00001064,no,medium (MMU),0x07380041
CFAPDEBUGSCR1,MMU,,PTR              Scratch pad 1 pointer.; VLD              Scratch pad 1 valid.,1,0x00001056,no,medium (MMU),0x07380042
CFAPDEBUGSCR2,MMU,,PTR              Scratch pad 2 pointer.; VLD              Scratch pad 2 valid.,1,0x00001006,no,medium (MMU),0x07380043
CFAPFULLTHRESHOLD,MMU,Specifies the CFAP Full thresholds,"CFAPFULLSETPOINT Defines the threshold of entering CFAP FULL condition.CFAP is not full when CFAP Read Pointer is above this limit.Note that CFAPFULLSETPOINT is limited by maximum CFAPPOOLSIZE as defined in REGISTER CFAPCONFIG.If write to CFAPFULLSETPOINT with a value greater than maximum CFAPPOOLSIZE, the read back data will be equal to maximum CFAPPOOLSIZE.; CFAPFULLRESETPOINT Defines the threshold of exiting CFAP FULL condition.CFAP is not full when CFAP Read Pointer is below this limit.Note that CFAPFULLRESETPOINT is limited by maximum CFAPPOOLSIZE as defined in REGISTER CFAPCONFIG.If write to CFAPFULLRESETPOINT with a value greater than maximum CFAPPOOLSIZE, the read back data will be equal to maximum CFAPPOOLSIZE.",1,0xb9a0ba00,no,medium (MMU),0x07380002
COMMAND_CONFIG,XLPORT0 XLPORT1 XLPORT2 XLPORT3 XLPORT4 XLPORT5 XLPORT6 XLPORT7 XLPORT8 XLPORT9 XLPORT10 XLPORT11 XLPORT12 XLPORT13 XLPORT14 XLPORT15 XLPORT16 XLPORT17,Command register. Used by the host processor to control and configure the core,"TX_ENA           Enable/Disable MAC transmit path for data packets & pause packets sent in the normal data path.Pause packets generated internally are allowed if ignore_tx_pause is not set.When set to '0' (Reset value), the MAC transmit function is disable.  When set to '1', the MAC transmit function is enabled.; RX_ENA           Enable/Disable MAC receive path. When set to '0' (Reset value), the MAC receive function is disable.  When set to '1', the MAC receive function is enabled.; ETH_SPEED         Set MAC speed. Ignored when the register bit ENA_EXT_CONFIG is set to '1'.  When the Register bit ENA_EXT_CONFIG is set to '0', used to set the core mode of operation: 00: Enable 10Mbps Ethernet mode 01: Enable 100Mbps Ethernet mode 10: Enable Gigabit Ethernet mode 11: Enable 2.5Gigabit Ethernet mode; PROMIS_EN        Enable/Disable MAC promiscuous operation. When asserted (Set to '1'), all frames are received without Unicast address filtering.; PAD_EN           Enable/Disable Frame Padding. If enabled (Set to '1') frames are padded on transmit if necessary to guarantee a minimum frame size of 64 octets and, on receive, padding is removed before the frame is transmitted to the userapplication. If disabled (set to reset value '0') no padding is appended on transmit and no padding is removed on receive by the MAC.; CRC_FWD          Terminate/Forward Received CRC. If enabled (1) the CRC field of received frames is transmitted to the user application.If disabled (Set to reset value '0') the CRC field is stripped from the frame.Note: If padding function (Bit PAD_EN set to '1') is enabled. CRC_FWD is ignored and the CRC field is checked and always terminated and removed.; PAUSE_FWD        Terminate/Forward Pause Frames. If enabled (Set to '1') pause frames are forwraded to the user application.  If disabled (Set to reset value '0'), pause frames are terminated and discarded in the MAC.; PAUSE_IGNORE     Ignore Pause Frame Quanta. If enabled (Set to '1') received pause frames are ignored by the MAC. When disabled (Set to reset value '0') the transmit process is stopped for the amount of time specified in the pause quanta received within the pause frame.; TX_ADDR_INS      Set MAC address on transmit. If enabled (Set to '1') the MAC overwrites the source MAC address with the programmed MAC address in registers MAC_0 and MAC_1. If disabled (Set to reset value '0'), the source MAC address received from the transmit application transmitted is not modified by the MAC.; HD_ENA           Half duplex enable. When set to '1', enables half duplex mode, when set to '0', the MAC operates in full duplex mode.Ignored when the register bits ETH_SPEED(1:0) are set to '10' (Gigabit Ethernet enabled) or set to ""11"" (2.5 Gigabit Ethernet enabled) and the register ENA_EXT_CONFIG is set to '0'. Ignored when the register ENA_EXT_CONFIG is set to '1'.; OVERFLOW_EN      If set, enables Rx FIFO overflow logic. In this case, the RXFIFO_STAT[1] register bit is not operational(always set to 0).If cleared, diasbles RX FIFO overfloe logic. In this case, the RXFIFO_STAT[1] register bit is operational (Sticky set when overrun occurs, clearable only by SW_Reset).; SW_RESET         Software Reset Command. When asserted, the TX and RX are disabled. Write a 0 to de-assert the sw reset.; FCS_CORRUPT_URUN_EN Corrupt Tx FCS, on underrun, when set to '1', No FCS corruption when set to '0' (Reset value).; LOOP_ENA         Enable GMII/MII loopback when set to '1', normal operation when set to '0' (Reset value).; MAC_LOOP_CON     Transmit packets to PHY while in MAC local loopback,when set to '1', otherwise transmit to PHY is disabled (normal operation),when set to '0' (Reset value).; SW_OVERRIDE_TX   If set, enables the SW programmed Tx pause capability config bits to overwrite the autonegotiated Tx pause capabilities when ena_ext_config(autoconfig) is set.If cleared, and when ena_ext_config(autoconfig) is set, then SW programmed Tx pause capability config bits has no effect over autonegotiated capabilities.; SW_OVERRIDE_RX   If set, enables the SW programmed Rx pause capability config bits to overwrite the autonegotiated Rx pause capabilities when ena_ext_config(autoconfig) is set.If cleared, and when ena_ext_config(autoconfig) is set, then SW programmed Rx pause capability config bits has no effect over autonegotiated capabilities.; EN_INTERNAL_TX_CRS If enabled, then CRS input to Unimac is ORed with tds[8] (tx data valid output). This is helpful when tx crs is disabled inside PHY.; ENA_EXT_CONFIG   Enable Configuration with External Pins. When set to '0' (Reset value) the Core speed and Mode is programmed with the register bits ETH_SPEED(1:0) and HD_ENA. When set to '1', the Core is configured with the pins set_speed(1:0) and set_duplex.; CNTL_FRM_ENA     MAC Control Frame Enable. When set to '1', MAC Control frames with any Opcode other than 0x0001 are accepted and forward to the Client interface. When set to '0' (Reset value), MAC Control frames with any Opcode other than 0x0001 are silently discarded.; NO_LGTH_CHECK    Payload Length Check Disable. When set to '0', the Core checks the frame's payload length with the FrameLength/Type field, when set to '1'(Reset value), the payload length check is disabled.; LINE_LOOPBACK    Enable GMII/MII Line Loopback when set to '1', normal operation when set to '0' (Reset value).; RX_ERR_DISC      Receive Errored Frame Discard Enable. When set to '1', any frame received with an error is discarded in the Core and not forwarded to the Client interface. When set to '0', errored Frames are forwarded to the Client interface with ff_rx_err asserted.It is recommended to set RX_ERR_DISC to '1' only when Store and Forward operation is enabled on the Core Receive FIFO Receive FIFO Section full threshold set to 0).; PRBL_ENA         EFM Preamble Insertion and Extraction. When set to '1', and only if the MAC is configured to support EFM Preamble, enables EFM Preamble Insertion and Extraction. When set to '0' (Reset value), enables standard Preamble support.; IGNORE_TX_PAUSE  Ignores the back pressure signalling from the system and hence no pause generation, when set.; SW_CTRL_RXTX_AFTER_LKUP After autoNeg link up, when set to '1', the RX_ENA/TX_ENA will not be back to alive automatically.It is for diagnostic purpose. By default '0', the RX_ENA/TX_ENA will be resumed after autoNeg is done.; RUNT_FILTER_DIS  When set, disable runt filtering.",52,0x11800158,no,unknown,0x00500502
COSWEIGHTS,IPIPE,Select one of four sections of COS_MAP table.,"COSWEIGHTS       When Weighted Round Robin Scheduling is selected, the value is in unit of packets.The higher the number, the more packets get scheduled per round.When Weighted Elastic Round Robin Scheduling is selected, the value is purely relative among the queues. The higher the relative value the more bandwidth is given to this queue.If value is reset to zero, it means this queue will be treated as Strict Priorityscheduling while the other queues are in WRR or WERR scheduling.; SELECT",104,0x00000010,yes,medium (QoS / hash),0x06300100
CPB_PARITY_CONTROL,IPIPE,"Parity Control for CPB table, FeatureSpecific-Ethernet",PARITY_EN        This bit enables parity checking for the CPB table.,1,0x00000001,no,low (parity init),0x0f180d7f
CPQ_COS_EMPTY_REG,MMU,CPQ_COS_EMPTY_REG,CPQ_COS_QEMPTY   Q empty signal per port for cpu queues (0 to 47),1,0x0000ffffffffffff,no,medium (MMU),0x04380140
CPU_CONTROL_1,IPIPE,Control Register for Packets sent to the CPU.,"STATICMOVE_TOCPU Static move send to CPU enable.; NONSTATICMOVE_TOCPU Non-static move send to CPU enable.; URPF_MISS_TOCPU  Unicast RPF miss send to CPU enable.; UMC_TOCPU        Unknown multicast (L2MC miss) send to CPU enable.; UUCAST_TOCPU     Unknown unicast send to CPU enable.; V4L3ERR_TOCPU    IPv4 L3 error send to CPU enable.; IPMCERR_TOCPU    IPMC error send to CPU enable.; RESERVED_7       old meaning: Unknown VLAN send to CPU enable.; UNRESOLVEDL3SRC_TOCPU Unresolved source for L3 send to CPU enable.; V6L3DSTMISS_TOCPU IPv6 L3 unicast destination miss send to CPU enable.; V4L3DSTMISS_TOCPU IPv4 L3 unicast destination miss send to CPU enable.; IPMCPORTMISS_TOCPU IPMC port mismatch send to CPU enable.; SRCROUTE_TOCPU   If SA[40] set, send to CPU enable.; V6L3ERR_TOCPU    IPv6 L3 error send to CPU enable.; MARTIAN_ADDR_TOCPU Martian address send to CPU enable.; TUNNEL_ERR_TOCPU Tunnel error send to CPU enable.; RESERVED_16      Moved to CPU_CONTROL_0 reg - old meaning: DOS attack send to CPU enable.; L3UC_TTL_ERR_TOCPU L3 unicast TTL error send to CPU enable.; IPMC_TTL_ERR_TOCPU L3 multicast TTL error send to CPU enable.; RESERVED_19      old meaning: ICMP_REDIRECT_TOCPU.; L3_SLOWPATH_TOCPU L3 slow path to CPU enable.; RESERVED_21      Moved to CPU_CONTROL_0 reg - old meaning: Parity Error to CPU enable.; L3_MTU_FAIL_TOCPU L3 MTU Fail to CPU enable.; NIP_L3ERR_TOCPU  NON IP L3 error send to CPU enable.; MC_INDEX_ERROR_TOCPU MC index error to CPU enable.; HG_HDR_ERROR_TOCPU HiGig header error to CPU enable.; HG_HDR_TYPE1_TOCPU HiGig header type = 1 to CPU enable.; L3UC_TTL1_ERR_TOCPU L3 unicast TTL error send to CPU enable.; IPMC_TTL1_ERR_TOCPU L3 multicast TTL error send to CPU enable.; CLASS_BASED_SM_PREVENTED_TOCPU Packets that are not re-learned due to class based station movement restrictions are copied to the CPU when this bit is set.; VXLT_MISS_TOCPU  This bit controls copy to CPU of packets being dropped due to VXLT miss.  1: Copy packets being dropped due to VXLT miss to CPU  0: Do not copy packets being dropped due to VXLT miss to CPU",1,0x18500600,yes,HIGH (data path),0x0c180603
CPU_TS_PARITY_CONTROL,IPIPE,CPU_TS_PARITY_CONTROL,PARITY_EN        This bit enables parity checking for the CPU_TS_MAP table.,1,0x00000001,no,low (parity init),0x02180d09
DDP_C2_PORT_AC_DATA,MMU,DDP Debug Logic Reg,D0               data; RESV             reserved data,1,0x00000ec3,no,medium (MMU),0x0e380113
DDP_C2_PORT_BD_DATA,MMU,DDP Debug Logic Reg,D0               data; RESV             reserved data,1,0x00000bf7,no,medium (MMU),0x0e380117
DDP_C3_PORT_AC_DATA,MMU,DDP Debug Logic Reg,D0               data; RESV             reserved data,1,0x00000ec3,no,medium (MMU),0x0e38011b
DDP_C3_PORT_BD_DATA,MMU,DDP Debug Logic Reg,D0               data; RESV             reserved data,1,0x00000bf7,no,medium (MMU),0x0e38011f
DLB_HGT_CURRENT_TIME,IPIPE,DLB_HGT Current Time.,CURRENT_TIME     The current time. The step size is 1us.,1,0x000879e5,no,unknown,0x11180607
DLB_HGT_FLOWSET_PORT_PARITY_CONTROL,IPIPE,"Parity Controls for DLB_HGT_FLOWSET_PORT, FeatureSpecific-Ethernet",PARITY_EN        This bit enables parity checking for the DLB_HGT_FLOWSET_PORT table.,1,0x00000001,no,low (parity init),0x11180d00
DLB_HGT_FLOWSET_TIMESTAMP_PAGE_PARITY_CONTROL,IPIPE,"Parity Controls for DLB_HGT_FLOWSET_TIMESTAMP_PAGE, FeatureSpecific-Ethernet",PARITY_EN        This bit enables parity checking for the DLB_HGT_FLOWSET_TIMESTAMP_PAGE table.,1,0x00000001,no,low (parity init),0x11180d06
DLB_HGT_FLOWSET_TIMESTAMP_PARITY_CONTROL,IPIPE,"Parity Controls for DLB_HGT_FLOWSET_TIMESTAMP, FeatureSpecific-Ethernet",PARITY_EN        This bit enables parity checking for the DLB_HGT_FLOWSET_TIMESTAMP table.,1,0x00000001,no,low (parity init),0x11180d03
DLB_HGT_QUALITY_MEASURE_CONTROL,IPIPE,DLB_HGT Quality Measure Update Control Register.,"SAMPLING_PERIOD  Amount of time to wait between average calculation rounds for Port Loading and Port Queue Size metrics. Step size is 256ns Minimum value is 2 (which means 512ns).; PORT_LOADING_WEIGHT Weight (N-parameter) used to compute Exponentially-Weighted Moving Average calculation for Port Loading measures.; PORT_QSIZE_WEIGHT Weight (N-parameter) used to compute Exponentially-Weighted Moving Average calculation for Port Queue Size measures.; CAP_LOADING_AVERAGE If set, and the Current Port Loading is less than the Average Port Loading, hardware will set the new Average Port Loading to be equal to the Current Port Loading (instead of recomputing the Exponentially-Weighted Moving Average).; CAP_QSIZE_AVERAGE If set, and the Current Port Queue Size is less than the Average Port Queue Size, hardware will set the new Average Port Queue Size to be equal to the Current Port Queue Size (instead of recomputing the Exponentially-Weighted Moving Average).",1,0x00000003,no,unknown,0x11180200
DSCP_TABLE_PARITY_CONTROL,IPIPE,"DSCP_TABLE_PARITY_CONTROL, FeatureSpecific-Ethernet",PARITY_EN        This bit enables parity checking for the DSCP_TABLE_table.,1,0x00000001,no,low (parity init),0x0c180d11
E2ECC_TX_ENABLE_BMP,MMU,e2ecc tx enable for each port of each XLPORT,TX_ENABLE_BMP    E2ECC TX enable for each port in a XLPORT,16,0x00000000,no,medium (MMU),0x16380420
E2E_HOL_STATUS_1_PARITY_CONTROL,IPIPE,"Parity Control for E2E_HOL_STATUS_1 table, FeatureSpecific-Ethernet",PARITY_EN        This bit enables parity checking for the E2E_HOL_STATUS_1 table.,1,0x00000001,no,low (statistics),0x0f180d43
E2E_HOL_STATUS_PARITY_CONTROL,IPIPE,"Parity Control for E2E_HOL_STATUS table, FeatureSpecific-Ethernet",PARITY_EN        This bit enables parity checking for the E2E_HOL_STATUS table.,1,0x00000001,no,low (statistics),0x0f180d40
EFP_METER_CONTROL,EPIPE,EFP_METER_CONTROL.,EFP_REFRESH_ENABLE ENABLES THE EFP REFRESHING.; MAX_TICK_COUNT   MAX TICK COUNT DETECTED DURING EFP REFRESHING.,1,0x00000003,no,medium (ACL / filter),0x08280615
EFP_METER_PARITY_CONTROL,EPIPE,EFP_METER_PARITY_CONTROL,PARITY_EN        This bit enables parity checking for the EFP METER table.,1,0x00000001,no,medium (ACL / filter),0x08280706
EFP_POLICY_PARITY_CONTROL,EPIPE,EFP_POLICY_PARITY_CONTROL,PARITY_EN        This bit enables parity checking for the EFP POLICY table.,1,0x00000001,no,medium (ACL / filter),0x08280703
EFP_SLICE_CONTROL,EPIPE,EFP_SLICE_CONTROL.,"SLICE_ENABLE_SLICE_0 SLICE ENABLE FOR EFP SLICE 0.; SLICE_ENABLE_SLICE_1 SLICE ENABLE FOR EFP SLICE 1.; SLICE_ENABLE_SLICE_2 SLICE ENABLE FOR EFP SLICE 2.; SLICE_ENABLE_SLICE_3 SLICE ENABLE FOR EFP SLICE 3.; LOOKUP_ENABLE_SLICE_0 LOOKUP ENABLE FOR EFP SLICE 0.; LOOKUP_ENABLE_SLICE_1 LOOKUP ENABLE FOR EFP SLICE 1.; LOOKUP_ENABLE_SLICE_2 LOOKUP ENABLE FOR EFP SLICE 2.; LOOKUP_ENABLE_SLICE_3 LOOKUP ENABLE FOR EFP SLICE 3.; SLICE_0_MODE     MODE CONTROL FOR EFP SLICE 0 000->L2, 001->L3 V4 or V6 SINGLE WIDE, 010->L3 V4 or V6 DOUBLE WIDE, 011->L3 any SINGLE WIDE, 100->L3 any DOUBLE WIDE, 101-111->RESERVED.; SLICE_1_MODE     MODE CONTROL FOR EFP SLICE 1 000->L2, 001->L3 V4 or V6 SINGLE WIDE, 010->L3 V4 or V6 DOUBLE WIDE, 011->L3 any SINGLE WIDE, 100->L3 any DOUBLE WIDE, 101-111->RESERVED.; SLICE_2_MODE     MODE CONTROL FOR EFP SLICE 2 000->L2, 001->L3 V4 or V6 SINGLE WIDE, 010->L3 V4 or V6 DOUBLE WIDE, 011->L3 any SINGLE WIDE, 100->L3 any DOUBLE WIDE, 101-111->RESERVED.; SLICE_3_MODE     MODE CONTROL FOR EFP SLICE 3 000->L2, 001->L3 V4 or V6 SINGLE WIDE, 010->L3 V4 or V6 DOUBLE WIDE, 011->L3 any SINGLE WIDE, 100->L3 any DOUBLE WIDE, 101-111->RESERVED.; SLICE_0_IPV6_KEY_MODE IPV6 KEY MODE CONTROL FOR KEY2 OF EFP SLICE 0 00->SIPV6, 01->DIPV6, 10->{DIP[63:0],SIP[63:0]}, 11->RESERVED.; SLICE_1_IPV6_KEY_MODE IPV6 KEY MODE CONTROL FOR KEY2 OF EFP SLICE 1 00->SIPV6, 01->DIPV6, 10->{DIP[63:0],SIP[63:0]}, 11->RESERVED.; SLICE_2_IPV6_KEY_MODE IPV6 KEY MODE CONTROL FOR KEY2 OF EFP SLICE 2 00->SIPV6, 01->DIPV6, 10->{DIP[63:0],SIP[63:0]}, 11->RESERVED.; SLICE_3_IPV6_KEY_MODE IPV6 KEY MODE CONTROL FOR KEY2 OF EFP SLICE 3 00->SIPV6, 01->DIPV6, 10->{DIP[63:0],SIP[63:0]}, 11->RESERVED.",1,0x000900cf,no,medium (ACL / filter),0x0828060b
EFP_SLICE_MAP,EPIPE,TCAM FOR EFP.,VIRTUAL_SLICE_0_VIRTUAL_SLICE_GROUP VIRTUAL_SLICE_0_VIRTUAL_SLICE_GROUP.; VIRTUAL_SLICE_1_VIRTUAL_SLICE_GROUP VIRTUAL_SLICE_1_VIRTUAL_SLICE_GROUP.; VIRTUAL_SLICE_2_VIRTUAL_SLICE_GROUP VIRTUAL_SLICE_2_VIRTUAL_SLICE_GROUP.; VIRTUAL_SLICE_3_VIRTUAL_SLICE_GROUP VIRTUAL_SLICE_3_VIRTUAL_SLICE_GROUP.; VIRTUAL_SLICE_0_PHYSICAL_SLICE_NUMBER VIRTUAL_SLICE_0_PHYSICAL_SLICE_NUMBER.; VIRTUAL_SLICE_1_PHYSICAL_SLICE_NUMBER VIRTUAL_SLICE_1_PHYSICAL_SLICE_NUMBER.; VIRTUAL_SLICE_2_PHYSICAL_SLICE_NUMBER VIRTUAL_SLICE_2_PHYSICAL_SLICE_NUMBER.; VIRTUAL_SLICE_3_PHYSICAL_SLICE_NUMBER VIRTUAL_SLICE_3_PHYSICAL_SLICE_NUMBER.; VALID            VALID BIT.; KEY              Key field.; KEY_MASK         MASK field.; MASK             MASK field.,1,0x00004ee4,no,medium (ACL / filter),0x08280616
EFP_TCAM_BLKSEL,EPIPE,EFP_TCAM_BLKSEL,SLICE_0          blk sel control for slice 0; SLICE_1          blk sel control for slice 1; SLICE_2          blk sel control for slice 2; SLICE_3          blk sel control for slice 3,1,0x000000ff,no,medium (ACL / filter),0x0828070d
EGR_CONFIG_1,EPIPE,Configuration Register Extension for the entire chip.,"RING_MODE        User should set it when FBs are cascaded in a ring fashion; IPMC_ROUTE_SAME_VLAN When special processing is needed for IPMC replicated pkt which has same vlan as incoming packets vlan.; FORCE_STATIC_MH_PFM Forces MH_PFM in the module header for pkts going to Higig Port.; MH_PFM           PFM to be used to construct the Module Header.; DISABLE_PPD0_PRESERVE_QOS If set, then the module header generation logic will treat the PPD0 preserve QOS bits as reserved.; VT_SYS_PORT_OVERRIDE When this override is set, the 13-bits reserved for the port information in the VLAN XLATE (port group ID) view will be replaced by DST_MODID[7:0] and DST_PORT[6:0].; STRIP_PAD_EN     If set, then for L3 routed packets, padding will be stripped from the packet. Should not be set when ASF (cut-through mode) is enabled; IGNORE_HG_LAG_FAILOVER If set, then lag_failover action is not taken in EP; IGNORE_HG_HDR_DONOT_LEARN If set, ignore the donot_learn (from ehcpm) bits for HG header; MIRROR_INVALID_VLAN_DROP Will control whether packets are dropped or forwarded for the mirror-to-port when the packetgoing out contains an invalid VLAN.  A '1' will force the packet to be dropped, while a '0' will allow it to forward.; BPDU_INVALID_VLAN_DROP Will control whether BPDU packets are dropped or forwarded when the packetgoing out contains an invalid VLAN.  A '1' will force the packet to be dropped, while a '0' will allow it to forward.; DISABLE_VT_IF_IFP_CHANGE_VLAN If set, disable egress VLAN translation if ingress FP changed outer/inner VLAN tags; DISABLE_MIRROR_CHECKS Disable all packet checks for mirror packets.; SET_PPD2_OPCODE  When set, the opcode fields of the PPD2 header is set to be compatible with Humv.  When not set, the PPD2 opcode field is zero for packets from front-panel ports or propaged for packets from HG2-PPD2 input ports so that newer chips can use the field for something new.; UPDATE_HG_FABRIC_SRC_FOR_L2 This control indicates whether the FRC source should be changed to the local module when a packet is going out on a HG port after HG lookup for an L2 COPY.; UPDATE_HG_FABRIC_SRC_FOR_L3 This control indicates whether the FRC source should be changed to the local module when a packet is going out on a HG port after HG lookup for an L3 COPY.; PPD0_ADD_SYSTEM_SRC_PORT This control indicates whether the system source port should be put into the PPD0 overlay.  If set to 1, insert system ingress port into PPD0 overlay.; PPD2_ADD_SYSTEM_SRC_PORT Controls the contents of SOURCE_TYP, DEST_TYP, SOURCE_VP and DEST_VP fields in the PPD2 overlay.Values are:0: These fields are based on Triumph functionality.   The PPD2.SOURCE_TYPE and PPD2.DEST_TYPE fields are always 0.   If the source (dest) is physical, the SOURCE_VP (DEST_VP) field is set to 0.1: These fields are based on Chariot functionality.   When the source (destination) is physical, the SOURCE_TYPE (DEST_TYPE) field is set to '1',   and the SGPP (DGPP) goes into the SOURCE_VP (DEST_VP) field.; DISABLE_PPD3_PRESERVE_QOS If set, then the module header generation logic will treat the PPD3 preserve QOS bits as reserved.; DISABLE_PPD2_PRESERVE_QOS If set, then the module header generation logic will treat the PPD2 preserve QOS bits as reserved.; CPU_PORTNUM      Port number of CPU port.; QCN_SEND_NULL_CNTAG_IF_NO_CNTAG If set, and the SampledDataFrame does not have a CNTAG, CNM carries a NULL CNTAG.",1,0x00006001,no,unknown,0x01280601
EGR_CONFIG_2,,?,,1,0x0000001f,no,unknown,
EGR_EDATABUF_PARITY_CONTROL,EPIPE,Continuation of ram controls,CM_ECC_EN        ECC enable for xp0 interface; XLP0_ECC_EN      ECC enable for xlp0 interface; XLP1_ECC_EN      ECC enable for xlp1 interface; XLP2_ECC_EN      ECC enable for xlp2 interface; XLP3_ECC_EN      ECC enable for xlp3 interface; XLP4_ECC_EN      ECC enable for xlp4 interface; XLP5_ECC_EN      ECC enable for xlp5 interface; XLP6_ECC_EN      ECC enable for xlp6 interface; XLP7_ECC_EN      ECC enable for xlp7 interface; XLP8_ECC_EN      ECC enable for xlp8 interface; LBP_ECC_EN       ECC enable for lbp interface; STATS_PAR_EN     Parity enable for egress stats counter memory; EFPCTR_PAR_EN    Parity enable for efp counter memory; PERQ_PAR_EN      Parity enable for egress perq xmt counter memory; PERQ_BASE_ADDR_PAR_EN Parity enable for egress perq xmt counter base addr memory; VINTFCTR_PAR_EN  Parity enable for service counter memory; SVCCTR_PAR_EN    Parity enable for service counter memory,1,0x0001ffff,no,low (parity init),0x0a280703
EGR_EHCPM_ECC_PARITY_CONTROL,EPIPE,Control ecc/parity functions of EHCPM RAMS,MOD_MAP_PARITY_EN Enable Parity generation and checking on memory EGR_MOD_MAP; INITBUF_ECC_EN   Enable ECC checking on memory INITBUF,1,0x00000003,no,low (parity init),0x05280700
EGR_EL3_ECC_PARITY_CONTROL,EPIPE,"EGR_L3_INTF_PARITY_CONTROL, FeatureSpecific-Ethernet",EGR_L3_NEXT_HOP_PARITY_EN This bit enables parity checking for the EGR_L3_NEXT_HOP table.; EGR_L3_INTF_PARITY_EN This bit enables parity checking for the EGR_L3_INTF table.; EGR_MPLS_VC_AND_SWAP_LABEL_TABLE_PARITY_EN This bit enables parity checking for the EGR_MPLS_VC_AND_SWAP_LABEL_TABLE table.; EGR_MAC_DA_PROFILE_PARITY_EN This bit enables parity checking for the EGR_MAC_DA_PROFILE table.; EGR_DVP_ATTRIBUTE_PARITY_EN This bit enables parity checking for the EGR_DVP_ATTRIBUTE table.; EGR_VFI_PARITY_EN This bit enables parity checking for the EGR_VFI table.; EGR_IPMC_PARITY_EN This bit enables parity checking for the EGR_IPMC table.; EGR_PORT_PARITY_EN This bit enables parity checking for the EGR_PORT table.; EGR_MPB_ECC_EN   Enable ECC checking on memory MPB; EGR_MAP_MH_PARITY_EN This bit enables parity checking for the EGR_MAP_MH table.; EGR_VLAN_CONTROL_1_PARITY_EN This bit enables parity checking for the EGR_VLAN_CONTROL_1 table.; EGR_IPMC_CFG2_PARITY_EN This bit enables parity checking for the EGR_IPMC_CFG2 table.,1,0x00000fff,no,low (parity init),0x01280700
EGR_HW_RESET_CONTROL_1,EPIPE,Mirror to Port Table to be used for IM tagged packets.,"COUNT            Count of entries which need to be resetted starting from EGR_HW_RESET_CONTROL_0.START_ADDRESS.; RESET_ALL        If set, then ALL Tables in the Egress Pipeline will be resetted for COUNT entries. STAGE_NUMBER is ignored when this bit is set.; VALID            The HW table initialization will start after Logic sees this bit as set.; DONE             After HW has issued memory reset commands equal to COUNT times, it will set DONE bit,SW can poll this bit from time to time and whenever it is set, SW should reset DONE and VALIDbits to 0. This will end the HW Reset Sequence of memories in the HW.; MTP_DST_MODID    DST_MODID field to be used in the module header in case of mirroring.; MTP_DST_PORT     DST_PORT field to be used in module header in case of mirroring.; INSERT_CLASS_TAG If set to 1 and the packet is transmitted out a HG header, then the classification tag will be inserted into the outgoing packet's module header.; CHANGE_INT_PRI   If set, mirror traffic going to this MTP will have its traffic class (int_pri) changed to NEW_INT_PRI.; NEW_INT_PRI      Traffic Class (int_pri) to be assigned to mirror traffic going to this MTP.; MIRROR_ENCAP_ENABLE If set, causes a mirroring encapsulation on mirror packets using the EGR_MIRROR_ENCAP_DATA_1/_2/CONTROL tables.; MIRROR_ENCAP_INDEX Index into the EGR_MIRROR_ENCAP_DATA_1/_2/CONTROL tables.",1,0x00000000,no,unknown,0x00280701
EGR_INTR0_ENABLE,EPIPE,Bitwise interrupt enable for EGR_INTR0_STATUS,EGR_NHOP_PAR_ERR EGR_L3_NEXT_HOP table parity error.; EGR_L3_INTF_PAR_ERR EGR_L3_INTF table parity error.; EGR_MPLS_VC_AND_SWAP_LABEL_TABLE_PAR_ERR EGR_MPLS_VC_AND_SWAP_LABEL_TABLE table parity error.; EGR_VLAN_PAR_ERR EGR_VLAN table parity error.; EGR_VLAN_STG_PAR_ERR EGR_VLAN_XLATE table parity error.; EGR_IP_TUNNEL_PAR_ERR EGR_IP_TUNNEL table parity error.; EGR_VLAN_XLATE_PAR_ERR EGR_VLAN_XLATE table parity error.; EGR_FRAGMENT_ID_TABLE_PAR_ERR FRAGMENT_ID table ECC error.; EGR_INITBUF_ECC_ERR EGR_INITBUF table ECC error.; EGR_PORT_PAR_ERR EGR pORT Parity error.; EGR_GPP_ATTRIBUTES_PAR_ERR FRAG_PKT_TABLE ECC error.; EGR_MOD_MAP_TABLE_PAR_ERR MOD_MAP_TABLE PAR error.; EGR_MAC_DA_PROFILE_PAR_ERR EGR_INITBUF table ECC error.; EGR_DVP_ATTRIBUTE_PAR_ERR EGR_INITBUF table ECC error.; EGR_VFI_PAR_ERR  EGR_INITBUF table ECC error.; EGR_IPMC_PAR_ERR EGR_INITBUF table ECC error.; EGR_MPLS_EXP_MAPPING_2_PAR_ERR EGR_MPLS_EXP_MAPPING_TABLE Parity rerror.; EGR_MPLS_PRI_MAPPING_PAR_ERR EGR_MPLS_PRI_MAPPING parity error.; EGR_PRI_CNG_MAP_PAR_ERR PRI_CNG_MAP_TABLE Parity error.; EGR_DSCP_TABLE_PAR_ERR DSCP TABLE Parity error.; EGR_MPB_ECC_ERR  MPB Data ECC error.; EGR_MAP_MH_PAR_ERR Map MH parity error.; EGR_VLAN_CONTROL_1_PAR_ERR Vlan control 1 parity error.; EGR_IPMC_CFG2_PAR_ERR Vlan control 1 parity error.; EGR_GPP_ATTRIBUTES_MODBASE_PAR_ERR FRAG_PKT_TABLE ECC error.; EGR_MPLS_EXP_MAPPING_1_PAR_ERR FRAG_PKT_TABLE ECC error.,1,0x03ffffff,no,unknown,0x02280724
EGR_INTR1_ENABLE,EPIPE,Bitwise interrupt enable for EGR_INTR1_STATUS,CM_PAR_ERR       ECC enable for xp0 interface; XLP0_PAR_ERR     ECC enable for xlp0 interface; XLP1_PAR_ERR     ECC enable for xlp1 interface; XLP2_PAR_ERR     ECC enable for xlp2 interface; XLP3_PAR_ERR     ECC enable for xlp3 interface; XLP4_PAR_ERR     ECC enable for xlp4 interface; XLP5_PAR_ERR     ECC enable for xlp5 interface; XLP6_PAR_ERR     ECC enable for xlp6 interface; XLP7_PAR_ERR     ECC enable for xlp7 interface; XLP8_PAR_ERR     ECC enable for xlp8 interface; LBP_PAR_ERR      ECC enable for lbp interface; EGR_STATS_COUNTER_TABLE_PAR_ERR ECC error in one of the Edatabuf stats counters.; EGR_EFP_COUNTER_TABLE_PAR_ERR Parity error in the FP counter table; EGR_PERQ_XMT_COUNTERS_PAR_ERR ECC error in the perq counter table; EGR_PERQ_XMT_COUNTERS_BASE_ADDR_PAR_ERR ECC error in the perq counter table; EGR_VINTF_COUNTER_TABLE_PAR_ERR parity error in vintf counter table; EGR_SERVICE_COUNTER_TABLE_PAR_ERR Parity error in service counter table; EGR_EFP_METER_TABLE_PAR_ERR EFP Meter Table parity error.; EGR_EFP_POLICY_TABLE_PAR_ERR EFP Policy Table parity error.; EGR_EFP_PW_INIT_COUNTERS_PAR_ERR EFP PW Counters parity error.,1,0x000fffff,no,unknown,0x0a280702
EGR_LOGICAL_TO_PHYSICAL_PORT_NUMBER_MAPPING,,?,,54,0x00000000,no,unknown,
EGR_MASK_MODBASE_PARITY_CONTROL,IPIPE,"EGR_MASK_MODBASE_PARITY_CONTROL, FeatureSpecific-Ethernet",PARITY_EN        This bit enables parity checking for the L3_IPMC table.,1,0x00000001,no,low (parity init),0x0e180d1b
EGR_MASK_PARITY_CONTROL,IPIPE,"Parity Control for EGR_MAS_KPORTVIEW table, FeatureSpecific-Ethernet",PARITY_EN        This bit enables parity checking for the EGR_MASK table.,1,0x00000001,no,low (parity init),0x0f180d16
EGR_MC_CONTROL_1,EPIPE,TBfilled,HIGIG2_BC_BASE_OFFSET TBF; HIGIG2_L2MC_BASE_OFFSET TBF,1,0x10000000,no,unknown,0x06280601
EGR_MC_CONTROL_2,EPIPE,TBfilled,HIGIG2_IPMC_BASE_OFFSET TBF,1,0x00002000,no,unknown,0x06280602
EGR_MTU,EPIPE,Egress MTU Register.,MTU_SIZE         Egress port's MTU limit.; MTU_ENABLE       Egress port's MTU check enable.,52,0x000045f2,no,unknown,0x06200609
EGR_OUTER_TPID,EPIPE,Egress Outer TPID register.,TPID             Egress outer TPID field.,3,0x00008100,no,unknown,0x02280600
EGR_PW_INIT_COUNTERS_PARITY_CONTROL,EPIPE,"EGR_PW_INIT_COUNTERS_PARITY_CONTROL, FeatureSpecific-Ethernet",PARITY_EN        This bit enables parity checking for the EGR_PW_INIT_COUNTERS table.,1,0x00000001,no,low (parity init),0x08280700
EGR_Q_BEGIN,EPIPE,"Register starts an EQ Bus which is provided for later ECO reasons, if any.",RESERVED         Unused bits; QBUS             Debug BUS introduced for later ECO provisions.; HW_CTRL_QBUS     Debug BUS introduced for later ECO provisions.,1,0x00100000,no,unknown,0x00280702
EGR_Q_END,EPIPE,"Register starts an EQ Bus which is provided for later ECO reasons, if any.",QBUS             Debug BUS introduced for later ECO provisions.,1,0x00100000,no,unknown,0x0a2806c0
EGR_VLAN_CONTROL_1,EPIPE,Controls Vlan Translate and VLAN membership related functions.,"VT_ENABLE        VLAN Translate is enabled on this port. If this bit is set, then the vid, pri obtained from the VXLTTranslation Table Lookup is used.; VT_MISS_DROP     If this bit is set, and a lookup in the vxlt translation table results in a miss, then pkt is dropped.This bit is meaningful only when VT_ENABLE is set.; VT_MISS_UT_DROP  If this bit is set, and a lookup in the vxlt translation table results in a miss, AND pkt is untagged by vlan_table, then pkt is dropped.This bit is meaningful only when VT_ENABLE is set.; VT_MISS_UNTAG    If this bit is set, it will force vlan translation misses to be untagged; OUTER_TPID_SEL   If this bit is set, use the use the EGR_VLAN table OUTER_TPID_INDEX to index into the EGR_OUTER_TPID registers and obtain the outer TPID.Else, use the EGR_VLAN_CONTROL_1 register OUTER_TPID_INDEXfield to index into the EGR_OUTER_TPID registers and obtain the outer TPID.; OUTER_TPID_INDEX Index into the EGR_OUTER_TPID[xx] register array.; CFI_AS_CNG       Per-TPID indication whether the CFI bit in the outer VLAN tag carries QoS (drop precedence) information.0: Egress port's REMARK_DOT1P will not change the CFI/DE bit in the outer VLAN tag1: Egress port's REMARK_DOT1P will change CFI/DE bit in the outer VLAN tag; REMARK_OUTER_DOT1P If this bit is set, (int_pri, CNG) are mapped to outer (CFI, 802.1p) bits in the EGR_PRI_CNG_MAP table. Whether the CFI is used depends on the TPID's CFI_AS_CNG setting.; REMARK_OUTER_DSCP If this bit is set, (int_pri, CNG) are mapped to outgoing IP header's DSCP in the EGR_DSCP table.; PARITY           Parity bit.",52,0x00002001,no,unknown,0x01200606
EGR_VLAN_LOGICAL_TO_PHYSICAL_MAPPING,,?,,54,0x00000000,no,unknown,
EGR_VLAN_PARITY_CONTROL,EPIPE,"EGR_VLAN_PARITY_CONTROL, FeatureSpecific-Ethernet",EGR_VLAN_PARITY_EN This bit enables parity checking for the EGR_VLAN table.; EGR_VLAN_STG_PARITY_EN This bit enables parity checking for the EGR_VLAN_STG table.; EGR_VLAN_XLATE_PARITY_EN This bit enables parity checking for the EGR_VLAN_XLATE table.; EGR_IP_TUNNEL_PARITY_EN This bit enables parity checking for the EGR_IP_TUNNEL table.; EGR_MPLS_EXP_MAPPING_2_PARITY_EN This bit enables parity checking for the EGR_MPLS_EXP_MAPPING_2 table.; EGR_MPLS_PRI_MAPPING_PARITY_EN This bit enables parity checking for the EGR_MPLS_PRI_MAPPING table.; EGR_PRI_CNG_MAP_PARITY_EN This bit enables parity checking for the EGR_PRI_CNG_MAP table.; EGR_DSCP_TABLE_PARITY_EN This bit enables parity checking for the EGR_DSCP_TABLE table.; EGR_FRAGMENT_ID_TABLE_PARITY_EN Enable ECC generation and checking on memory ep_egr_fragment_id_table; EGR_GPP_ATTRIBUTES_MODBASE_PARITY_EN Enable ECC generation and checking on memory gpp_attributes; EGR_GPP_ATTRIBUTES_PARITY_EN Enable ECC generation and checking on memory; EGR_MPLS_EXP_MAPPING_1_PARITY_EN Enable ECC generation and checking on memory,1,0x00000fff,no,low (parity init),0x02280700
EMIRROR_CONTROL1_PARITY_CONTROL,IPIPE,"Parity Control for EMIRROR_CONTROL1 table, FeatureSpecific-Ethernet",PARITY_EN        This bit enables parity checking for the EMIRROR_CONTROL1 table.,1,0x00000001,no,low (parity init),0x0f180d6a
EMIRROR_CONTROL2_PARITY_CONTROL,IPIPE,"Parity Control for EMIRROR_CONTROL2 table, FeatureSpecific-Ethernet",PARITY_EN        This bit enables parity checking for the EMIRROR_CONTROL2 table.,1,0x00000001,no,low (parity init),0x0f180d6d
EMIRROR_CONTROL3_PARITY_CONTROL,IPIPE,"Parity Control for EMIRROR_CONTROL3 table, FeatureSpecific-Ethernet",PARITY_EN        This bit enables parity checking for the EMIRROR_CONTROL3 table.,1,0x00000001,no,low (parity init),0x0f180d70
EMIRROR_CONTROL_PARITY_CONTROL,IPIPE,"Parity Control for EMIRROR_CONTROL table, FeatureSpecific-Ethernet",PARITY_EN        This bit enables parity checking for the EMIRROR_CONTROL table.,1,0x00000001,no,low (parity init),0x0f180d61
ESCONFIG,MMU,Egress Scheduler Configuration Register for stage 1 scheduler S1,SCHEDULING_SELECT Scheduling Mode Options0: Strict Priority (SP) scheduling among valid queues (default value).1: Round Robin (RR) scheduling among valid queues.2: Weighted Round Robin (WRR) _packet_ scheduling according to each queue's weight.3: Weighted Elastic Round Robin (WERR) _byte_ scheduling according to each queue's weight.,52,0x00000003,yes,HIGH (data path),0x06300000
ES_TDM_CONFIG,MMU,"Egress TDM Configuration Register, defining Gb ports that share cpu slot","GB_PORT0         Gb port number 0 that share cpu slot, use 0x3F if none, ILLEGAL to configure port number already used in TDM table; GB_PORT1         Gb port number 1 that share cpu slot, use 0x3F if none, ILLEGAL to configure port number already used in TDM table; GB_PORT2         Gb port number 2 that share cpu slot, use 0x3F if none, ILLEGAL to configure port number already used in TDM table; GB_PORT3         Gb port number 3 that share cpu slot, use 0x3F if none, ILLEGAL to configure port number already used in TDM table; EN_CPU_SLOT_SHARING Enable cpu slot sharing, sharing slot 0 with gp_port0..3, if not enabled all Gb port numbers have to be in TDM table; EN_FLEXIBLE_TDM  Enable use of flexible TDM (reducing latency for low load situations), only first 48 slots searched in TDM table; EN_LBP_SLOT_STEALING Enable loop back port to steal unused TDM slots (empty ports), TBD if supported in EP",1,0x0000000000000000,yes,HIGH (data path),0x06380022
FP_FIELD_SEL_PARITY_CONTROL,IPIPE,"FP_FIELD_SEL_PARITY_CONTROL, FeatureSpecific-Ethernet",PARITY_EN        This bit enables parity checking for the FP_PORT_FIELD_SEL table.,1,0x00000001,no,medium (ACL / filter),0x0c180d02
FP_GM_TCAM_BLK_SEL,IPIPE,"FP_GM_TCAM_BLK_SEL, FeatureSpecific-FP",SLICE_4          block select for TCAM; SLICE_5          block select for TCAM; SLICE_6          block select for TCAM; SLICE_7          block select for TCAM; SLICE_8          block select for TCAM; SLICE_9          block select for TCAM,1,0x00000fff,no,medium (ACL / filter),0x0d180d21
FP_SLICE_ENABLE,IPIPE,Slice enable control for ingress fp.,FP_SLICE_ENABLE_SLICE_0 Enable bit for ingress fp slice 0.; FP_SLICE_ENABLE_SLICE_1 Enable bit for ingress fp slice 1.; FP_SLICE_ENABLE_SLICE_2 Enable bit for ingress fp slice 2.; FP_SLICE_ENABLE_SLICE_3 Enable bit for ingress fp slice 3.; FP_SLICE_ENABLE_SLICE_4 Enable bit for ingress fp slice 4.; FP_SLICE_ENABLE_SLICE_5 Enable bit for ingress fp slice 5.; FP_SLICE_ENABLE_SLICE_6 Enable bit for ingress fp slice 6.; FP_SLICE_ENABLE_SLICE_7 Enable bit for ingress fp slice 7.; FP_SLICE_ENABLE_SLICE_8 Enable bit for ingress fp slice 8.; FP_SLICE_ENABLE_SLICE_9 Enable bit for ingress fp slice 9.; FP_LOOKUP_ENABLE_SLICE_0 Search enable for ingress fp slice 0.; FP_LOOKUP_ENABLE_SLICE_1 Search enable for ingress fp slice 1.; FP_LOOKUP_ENABLE_SLICE_2 Search enable for ingress fp slice 2.; FP_LOOKUP_ENABLE_SLICE_3 Search enable for ingress fp slice 3.; FP_LOOKUP_ENABLE_SLICE_4 Search enable for ingress fp slice 4.; FP_LOOKUP_ENABLE_SLICE_5 Search enable for ingress fp slice 5.; FP_LOOKUP_ENABLE_SLICE_6 Search enable for ingress fp slice 6.; FP_LOOKUP_ENABLE_SLICE_7 Search enable for ingress fp slice 7.; FP_LOOKUP_ENABLE_SLICE_8 Search enable for ingress fp slice 8.; FP_LOOKUP_ENABLE_SLICE_9 Search enable for ingress fp slice 9.,1,0x000e33ff,no,medium (ACL / filter),0x0d180601
FP_TCAM_BLK_SEL,IPIPE,"FP UDF offset table, FeatureSpecific-FP.",SLICE_4          block select for TCAM; SLICE_5          block select for TCAM; SLICE_6          block select for TCAM; SLICE_7          block select for TCAM; SLICE_8          block select for TCAM; SLICE_9          block select for TCAM; UDF1_OFFSET0     Offset value for UDF1.0 (one of 64 2B chunks).; UDF1_OFFSET1     Offset value for UDF1.1 (one of 64 2B chunks).; UDF1_OFFSET2     Offset value for UDF1.2 (one of 64 2B chunks).; UDF1_OFFSET3     Offset value for UDF1.3 (one of 64 2B chunks).; UDF1_OFFSET4     Offset value for UDF1.4 (one of 64 2B chunks).; UDF1_OFFSET5     Offset value for UDF1.5 (one of 64 2B chunks).; UDF1_OFFSET6     Offset value for UDF1.6 (one of 64 2B chunks).; UDF1_OFFSET7     Offset value for UDF1.7 (one of 64 2B chunks).; UDF1_BASE_OFFSET_0 Base Offset value for UDF1.0 (see format UDF_BASE_OFFSET_ENCODING for encoding).; UDF1_BASE_OFFSET_1 Base Offset value for UDF1.1 (see format UDF_BASE_OFFSET_ENCODING for encoding).; UDF1_BASE_OFFSET_2 Base Offset value for UDF1.2 (see format UDF_BASE_OFFSET_ENCODING for encoding).; UDF1_BASE_OFFSET_3 Base Offset value for UDF1.3 (see format UDF_BASE_OFFSET_ENCODING for encoding).; UDF1_BASE_OFFSET_4 Base Offset value for UDF1.4 (see format UDF_BASE_OFFSET_ENCODING for encoding).; UDF1_BASE_OFFSET_5 Base Offset value for UDF1.5 (see format UDF_BASE_OFFSET_ENCODING for encoding).; UDF1_BASE_OFFSET_6 Base Offset value for UDF1.6 (see format UDF_BASE_OFFSET_ENCODING for encoding).; UDF1_BASE_OFFSET_7 Base Offset value for UDF1.7 (see format UDF_BASE_OFFSET_ENCODING for encoding).; UDF2_OFFSET0     Offset value for UDF2.0 (one of 64 2B chunks).; UDF2_OFFSET1     Offset value for UDF2.1 (one of 64 2B chunks).; UDF2_OFFSET2     Offset value for UDF2.2 (one of 64 2B chunks).; UDF2_OFFSET3     Offset value for UDF2.3 (one of 64 2B chunks).; UDF2_OFFSET4     Offset value for UDF2.4 (one of 64 2B chunks).; UDF2_OFFSET5     Offset value for UDF2.5 (one of 64 2B chunks).; UDF2_OFFSET6     Offset value for UDF2.6 (one of 64 2B chunks).; UDF2_OFFSET7     Offset value for UDF2.7 (one of 64 2B chunks).; UDF2_BASE_OFFSET_0 Base Offset value for UDF2.0 (see format UDF_BASE_OFFSET_ENCODING for encoding).; UDF2_BASE_OFFSET_1 Base Offset value for UDF2.1 (see format UDF_BASE_OFFSET_ENCODING for encoding).; UDF2_BASE_OFFSET_2 Base Offset value for UDF2.2 (see format UDF_BASE_OFFSET_ENCODING for encoding).; UDF2_BASE_OFFSET_3 Base Offset value for UDF2.3 (see format UDF_BASE_OFFSET_ENCODING for encoding).; UDF2_BASE_OFFSET_4 Base Offset value for UDF2.4 (see format UDF_BASE_OFFSET_ENCODING for encoding).; UDF2_BASE_OFFSET_5 Base Offset value for UDF2.5 (see format UDF_BASE_OFFSET_ENCODING for encoding).; UDF2_BASE_OFFSET_6 Base Offset value for UDF2.6 (see format UDF_BASE_OFFSET_ENCODING for encoding).; UDF2_BASE_OFFSET_7 Base Offset value for UDF2.7 (see format UDF_BASE_OFFSET_ENCODING for encoding).; PORT_FIELD_SEL_INDEX Used to index into the FP_PORT_FIELD_SEL table (if packet indexing is enabled) and FP_PORT_SELECT_TYPE equals 0.; EVEN_PARITY      PARITY BIT to make the entry parity even.,1,0x00000fff,no,medium (ACL / filter),0x0d180d20
FP_UDF_PARITY_CONTROL,IPIPE,FP_UDF_PARITY_CONTROL,PARITY_EN        This bit enables parity checking for the FP_UDF_OFFSET table.,1,0x00000001,no,medium (ACL / filter),0x02180d12
GLOBAL_HDRM_LIMIT,MMU,GLOBAL_HDRM_LIMIT,GLOBAL_HDRM_LIMIT This is programmed with the number of cells the user wishes to set aside for any PG to use to possibly complete a partial received packet instead of discarding the tail of the packet and causing a fragment to be left in the data buffer.,1,0x00000924,yes,medium (MMU),0x02380002
GLOBAL_MPLS_RANGE_1_UPPER,IPIPE,MPLS label first global range upper bound. (Inclusive).,LABEL            MPLS Label Value.,1,0x000fffff,no,unknown,0x02180633
GLOBAL_MPLS_RANGE_2_UPPER,IPIPE,MPLS label second global range upper bound. (Inclusive).,LABEL            MPLS Label Value.,1,0x000fffff,no,unknown,0x02180635
HASH_CONTROL,IPIPE,HG-Trunk DLB Control.,"NON_UC_TRUNK_HASH_MOD_PORT_ENABLE Enables factoring modid/port into non-unicast trunk block mask hashing.; NON_UC_TRUNK_HASH_SRC_ENABLE Enables factoring source MAC or source IP into non-unicast trunk block mask hashing.; NON_UC_TRUNK_HASH_DST_ENABLE Enables factoring dest MAC or dest IP into non-unicast trunk block mask hashing.; UC_TRUNK_HASH_USE_SRC_PORT Use src port in unicast trunk hash.; ECMP_HASH_UDF    ECMP hash offset.; ECMP_HASH_USE_DIP Use DIP for ECMP hashing.; ECMP_HASH_SEL    Selects ECMP hashing algorithm.; L2_AND_VLAN_MAC_HASH_SELECT Selects hashing algorithm used for L2 table lookups.; L3_HASH_SELECT   Selects hashing algorithm used for L3 table lookups.; ENABLE_DRACO1_5_HASH Enable using Draco 1.5 hashing for unicast trunking.; USE_TCP_UDP_PORTS Use TCP/UDP ports for ECMP/unicast trunk hashing.; ECMP_HASH_USE_RTAG7 Use RTAG7 hash for ECMP hashing.; NON_UC_TRUNK_HASH_USE_RTAG7 Use RTAG7 hash for non unicast trunk hashing.; GROUP_ENABLE     If set, DLB_HGT is enabled for this HG-Trunk.; DLB_ID           Group id to be used by DLB_HGT for this HG-Trunk. DLB_HGT supports up to 8 groups.",1,0x0dd14000,yes,medium (QoS / hash),0x05180640
HG_COUNTERS_PARITY_CONTROL,IPIPE,"Parity Control for Higig stats counters, FeatureSpecific-Ethernet",PARITY_EN        This bit enables parity checking for the Higig stats counters.,1,0x00000001,no,low (parity init),0x0f180d8d
IARB_HDR_ECC_CONTROL,IPIPE,"IARB_HDR_ECC_CONTROL, FeatureSpecific-Ethernet",ECC_EN           This bit enables ecc correction.,1,0x00000001,no,low (parity init),0x00180318
IARB_LEARN_FIFO_ECC_CONTROL,IPIPE,"TDM TABLE configuration, Set to 0, select port_group5. Set to 1, select port_group4. Set to 2, select extra slot.",ECC_EN           This bit enables learn_fifo ecc correction.; FORCE_ECC_1B_ERR Setting this bit will force learn_fifo 1b ecc error.; FORCE_ECC_2B_ERR Setting this bit will force learn_fifo 2b ecc error.; TDM_SLOT         Indicate port_group interface or extra slot interface to access to.,1,0x00000001,no,low (parity init),0x0018031b
IARB_PKT_ECC_CONTROL,IPIPE,"IARB_PKT_ECC_CONTROL, FeatureSpecific-Ethernet",ECC_EN           This bit enables ecc correction.,1,0x00000001,no,low (parity init),0x00180316
IARB_TDM_CONTROL,IPIPE,TDM TABLE configuration,"DISABLE          Disable TDM, set to 1 when changing tdm_mode or slot mapping; TDM_WRAP_PTR     Indicates max valid entry in the TDM TABLE",1,0x00000080,no,unknown,0x00180709
ICONTROL_OPCODE_BITMAP_PARITY_CONTROL,IPIPE,"ICONTROL_OPCODE_BITMAP_PARITY_CONTROL, FeatureSpecific-Ethernet",PARITY_EN        This bit enables parity checking for the L3_IPMC table.,1,0x00000001,no,low (parity init),0x0e180d18
IFP_COUNTER_MUX_DATA_STAGING_PARITY_CONTROL,IPIPE,IFP_COUNTER_MUX_DATA_STAGING_PARITY_CONTROL,PARITY_EN        This bit enables parity checking for the COUNTER_MUX_DATA_STAGING table.,1,0x00000001,no,medium (ACL / filter),0x0d180d1e
IFP_COUNTER_PARITY_CONTROL,IPIPE,IFP_COUNTER_PARITY_CONTROL,PARITY_EN        This bit enables parity checking for the IFP COUNTER table.,1,0x00000001,no,medium (ACL / filter),0x0d180d12
IFP_GM_LOGICAL_TO_PHYSICAL_MAPPING,,?,,54,0x00000000,no,medium (ACL / filter),
IFP_ING_DVP_2_PARITY_CONTROL,IPIPE,IFP_ING_DVP_2_PARITY_CONTROL,PARITY_EN        This bit enables parity checking for the ING_DVP_2 table.,1,0x00000001,no,medium (ACL / filter),0x0d180d19
IFP_METER_MUX_DATA_STAGING_PARITY_CONTROL,IPIPE,IFP_METER_MUX_DATA_STAGING_PARITY_CONTROL,PARITY_EN        This bit enables parity checking for the METER_MUX_DATA_STAGING table.,1,0x00000001,no,medium (ACL / filter),0x0d180d1c
IFP_POLICY_PARITY_CONTROL,IPIPE,IFP_POLICY_PARITY_CONTROL,PARITY_EN        This bit enables parity checking for the IFP POLICY table.,1,0x00000001,no,medium (ACL / filter),0x0d180d0c
IFP_PWR_WATCH_DOG_STATUS,IPIPE,Contains the number of members in each ECMP group.  Used with ECMP_POINTER to calulate index to L3_ECMP table.,"GOOD_COUNT       When ENABLE=1, GOOD_COUNT indicate how may GOOD cycles in 2^30 core clock cycles (about 2.5 seconds). Set ENABLE=0 to clear the counter value. Set ENABLE = 1 again to measure another 2.5 second windows; GOOD             RAW data from power watch dog, it changes every core clock cycle, when ENABLE=1. GOOD = 1 indicates that supply was sufficient to evaluate critical path during the cycle before the previous clock cycles. GOOD = 0 indicates that supply was not sufficient during that window.; BITMAP           FP redirection port bitmap. May be used for either port_bitmap or l3_bitmap, depending on the FP action.; BITMAP_W0        Overlay bitmap for ports 31:0.; BITMAP_W1        Overlay bitmap for ports 53:32.; BITMAP_W2        Overlay bitmap for ports 53:32.; HIGIG_TRUNK_OVERRIDE_PROFILE_PTR When FP redirection is to an broadcast to outgoing VLAN, then this field gives the higig trunk override profile pointer to the ING_HIGIG_TRUNK_OVERRIDE_PROFILE table. The bitmap from the ING_HIGIG_TRUNK_OVERRIDE_PROFILE table is used to disable higig trunk resolution for each trunk group in the BITMAP field of this table.; EVEN_PARITY      Even parity for the IFP_REDIRECTION_PROFILE fields.",1,0x80000000,no,medium (ACL / filter),0x0d180d25
IFP_REDIRECTION_PROFILE_PARITY_CONTROL,IPIPE,"IFP_REDIRECTION_PROFILE_PARITY_CONTROL, FeatureSpecific-Ethernet",PARITY_EN        This bit enables parity checking for the L3_IPMC table.,1,0x00000001,no,medium (ACL / filter),0x0e180d15
IFP_STORM_CONTROL_PARITY_CONTROL,IPIPE,IFP_STORM_CONTROL_PARITY_CONTROL,PARITY_EN        This bit enables parity checking for the IFP STORM CONTROL METER table.,1,0x00000001,no,medium (ACL / filter),0x0d180d15
IGMP_MLD_PKT_CONTROL,IPIPE,IGMP/MLD Control Register.,"IPV6_MC_ROUTER_ADV_PKT_TO_CPU Copy Multicast Router Advertisement/Solicitation/Termination packets (ICMP types 151, 152, 153) to CPU if set to 1.; IPV6_MC_ROUTER_ADV_PKT_FWD_ACTION Forwarding of Multicast Router Advertisement/Solicitation/Termination  packets (ICMP types 151, 152, 153) 00 - Forward based on MAC-DA, 01 - Drop the packet, 10 - Flood the packet to the VLAN members, 11 - Reserved.; IPV4_MC_ROUTER_ADV_PKT_TO_CPU Copy Multicast Router Advertisement/Solicitation/Termination packets (ICMP types 151, 152, 153) to CPU if set to 1.; IPV4_MC_ROUTER_ADV_PKT_FWD_ACTION Forwarding of Multicast Router Advertisement/Solicitation/Termination  packets (ICMP types 151, 152, 153): 00 - Forward based on MAC-DA, 01 - Drop the packet., 10 - Flood the packet to the VLAN members, 11 - Reserved.; IPV6_RESVD_MC_PKT_TO_CPU Copy IPv6 reserved multicast packets (DIP = ff0X:0:0:0:0:0:0:0) to CPU if set to 1.; IPV6_RESVD_MC_PKT_FWD_ACTION Forwarding of IPv6 reserved multicast packets (DIP = ff0X:0:0:0:0:0:0:0) as shown below:,00 - Forward based on MAC-DA, 01 - Drop the packet, 10 - Flood the packet to the VLAN members,11 - Reserved.; IPV4_RESVD_MC_PKT_TO_CPU Copy IPv4 reserved multicast packets (DIP = 224.0.0.X) to CPU if set to 1.; IPV4_RESVD_MC_PKT_FWD_ACTION Forwarding of IPv4 reserved multicast packets (DIP = 224.0.0.X) as shown below:00 - Forward based on MAC-DA, 01 - Drop the packet.,10 - Flood the packet to the VLAN members,11 - Reserved.; MLD_QUERY_TO_CPU Copy MLD Queries to the CPU if set to 1.; MLD_QUERY_FWD_ACTION Forwarding of MLD Query messages as shown below:00 - Forward based on MAC-DA,01 - Drop the packet.,10 - Flood the packet to the VLAN members,11 - Reserved.; MLD_REP_DONE_TO_CPU Copy MLD Report (v1, v2,)/Done (v1) msgs to the CPU if set to 1.; MLD_REP_DONE_FWD_ACTION Forwarding of MLD Report(v1,v2,)/Done(v1) messages as shown below: 00 - Forward based on MAC-DA,01 - Drop the packet.,10 - Flood the packet to the VLAN members,11 - Reserved.; IGMP_UNKNOWN_MSG_TO_CPU Copy the unknown IGMP msg to CPU if set to 1.; IGMP_UNKNOWN_MSG_FWD_ACTION Forwarding of unknown IGMP messages  (messages that are not recognized as Query/Report/Leave messages) as shown below:00 - Forward based on MAC-DA,01 - Drop the packet.,10 - Flood the packet to the VLAN members,11 - Reserved.; IGMP_QUERY_TO_CPU Copy IGMP Query to the CPU if set to 1.; IGMP_QUERY_FWD_ACTION Forwarding of IGMP Query messages as shown below: ,00 - Forward based on MAC-DA,01 - Drop the packet.,10 - Flood the packet to the VLAN members,11 - Reserved.; IGMP_REP_LEAVE_TO_CPU Copy IGMP Report (v1, v2, v3)/Leave (v2) msgs to the CPU if set to 1.; IGMP_REP_LEAVE_FWD_ACTION Forwarding of IGMP Report(v1,v2,v3)/Leave(v2) messages as shown below: ,00 - Forward based on MAC-DA,01 - Drop the packet.,10 - Flood the packet to the VLAN members,11 - Reserved.; PFM_RULE_APPLY   When set to 1, PFM rules are applied to IGMP/MLD/RESERVED_MC packets when flooded to VLAN.",1,0x01249000,no,unknown,0x0c180660
IL2LU_PWR_WATCH_DOG_STATUS,IPIPE,"IL2LU_PWR_WATCH_DOG_STATUS, FeatureSpecific-Ethernet","GOOD_COUNT       When ENABLE=1, GOOD_COUNT indicate how may GOOD cycles in 2^30 core clock cycles (about 2.5 seconds). Set ENABLE=0 to clear the counter value. Set ENABLE = 1 again to measure another 2.5 second windows; GOOD             RAW data from power watch dog, it changes every core clock cycle, when ENABLE=1. GOOD = 1 indicates that supply was sufficient to evaluate critical path during the cycle before the previous clock cycles. GOOD = 0 indicates that supply was not sufficient during that window.",1,0x80000000,no,low (statistics),0x06180d2f
IMIRROR_BITMAP_PARITY_CONTROL,IPIPE,"Parity Control for IMIRROR_BITMAP table, FeatureSpecific-Ethernet",PARITY_EN        This bit enables parity checking for the IMIRROR_BITMAP table.,1,0x00000001,no,low (parity init),0x0f180d73
ING_CONFIG_2,,?,,1,0x000001ff,no,unknown,
ING_CONFIG_64,IPIPE,Switch configuration register.,"RESERVED_0       Reserved.; TRUNKS128        Indicates if 128 trunk groups are supported.; L2DH_EN          If set, L2 table will update its HIT bit on dest lookup.; L2DST_HIT_ENABLE If set, L2 table will update its HIT bit on dest lookup.; L3SH_EN          If set, L3 table will update its HIT bit on src lookup. Only apply to Unicast packets.; L3SRC_HIT_ENABLE If set, L3 table will update its HIT bit on src lookup. Only apply to Unicast packets.; RESERVED_1       Reserved.; CFI_AS_CNG       For tagged packets, use VLAN's CFI field to map to an internal CNG value (for double tagging).; SNAP_OTHER_DECODE_ENABLE Decode SNAP packets with non-zero OUI for protocol-based VLAN.; STNMOVE_ON_L2SRC_DISC Perform station movement on L2 source discard packets.; FB_A0_COMPATIBLE FB-A0 compatible mode. Used for disabling source modid checks for mirror pkts on HiGig when in FB style of mirroring.; STACK_MODE       Stacking Mode.; CVLAN_CFI_AS_CNG Treat CFI bit in customer vlan tag as CNG.; APPLY_EGR_MASK_ON_L2 Apply Egress mask for L2 switched packets.; APPLY_EGR_MASK_ON_L3 Apply Egress mask for L3 switched packets.; SVL_ENABLE       Enable Shared VLAN Learning.; LOOKUP_L2MC_WITH_FID_ID Enable Shared VLAN Learning.; RESERVED_2       Reserved.; DISABLE_E2E_HOL_CHECK Disable E2E HOL checking.; LBID_RTAG        RTAG selecting how LBID is computed.; APPLY_MTU_CHECK_ON_HIGIG_IPMC If set, L3 MTU check is applied to HiGig IPMC packets.; IGNORE_HG_HDR_LAG_FAILOVER If set, HiGig hdrs LAG_FAILOVER bit will be ignored and will be treated as reserved bit.; IGNORE_HG_HDR_DONOT_LEARN If set, HiGig hdrs DONOT_LEARN bit will be ignored and will be treated as reserved bit.; IGNORE_HG_HDR_HDR_EXT_LEN If set, HiGig+ hdrs HDR_EXT_LEN bits will be ignored and will be treated as reserved bit.; IGNORE_MY_MODID  If set, the MY_MODID from the PORT TABLE will be ignored. The chip will not have a module id (this is the case when the chip is used as a fabric device).; IGMP_PKTS_UNICAST_IGNORE Unicast pkts with IGMP payload (i.e. IP PROTOCOL = 2) will not be treated as IGMP pkts.; MLD_PKTS_UNICAST_IGNORE Unicast pkts with MLD payload will not be treated as MLD pkts.; ARP_VALIDATION_EN ARP and/or RARP Packets will be validated in the VFP. The ARP_RARP_TO_FP bit determines whether each type, or both, are validated.; MLD_CHECKS_ENABLE If set, MLD packets will be checked with stricter qualifications for the IP address and HOP limit.; IPV4_RESERVED_MC_ADDR_IGMP_ENABLE When set to 1, treat IGMP packets with reserved MC destination address as IGMP packets.; IPV6_RESERVED_MC_ADDR_MLD_ENABLE When set to 1, treat MLD packets with reserved MC destination address as MLD packets.; IPV4_MC_MACDA_CHECK_ENABLE When enabled, check MACDA and IPV4 DIP address match for IPv4 multicast packets.; IPV6_MC_MACDA_CHECK_ENABLE When enabled, check MACDA and IPV6 DIP address match for IPv6 multicast packets.; TUNNEL_URPF_MODE Controls type of unicast RPF checks that are enabled for tunnel packets.; TUNNEL_URPF_DEFAULTROUTECHECK When set, perform RPF check on default routes in the DEFIP table for tunnel packets.; L3IIF_URPF_SELECT When set to 1, the uRPF controls are defined per L3_IIF.  When set to 0, the uRPF controls are per physical port.; ARP_RARP_TO_FP   This field controls the encodings of the ARP/RARP packet type into the VFP and IFP keys. If bit[0] is set, then ARP packets are included.  If bit[1] is set, then RARP packets are included. It is also used in conjunction with ARP_VALIDATION_EN to validate these packets in the VFP.; RESERVED_3       Reserved.; VFP_PRI_ACTION_FB2_MODE FB2 backward compatibility mode for L2/L3 lookup/DSCP priority override.; USE_PPD_SOURCE   If set to 1, the PPD overlay contains the system source port for packet processing.  If set to 0, the FRC source will be used as the system source port for packet processing.; USE_PPD3_PKT_PRI_ENABLE When a packet is received with a PPD3 header that indicates the packet's 802.1p bits need to be changed, this control decides whether the local chip should honor this action.  If set to 0, ignore change packet pri action.  If set to 1, use change packet pri action.; USE_PPD3_DSCP_ENABLE When a packet is received with a PPD3 header that indicates the packet's DSCP needs to be changed, this control decides whether the local chip should honor this action.  If set to 0, ignore DSCP action.  If set to 1, use DSCP action.; USE_PPD3_DROP_ENABLE When a packet is received with a PPD3 header that indicates the packet was going to be dropped, this control decides whether the local chip should ignore the drop.  If set to 0, ignore drop indicator.  If set to 1, use drop indicator.; IGNORE_PPD0_PRESERVE_QOS If set, then the parser will not interpret the PPD0 bits as preserve QOS bits and instead will treat them as reserved and will be transited.; IGNORE_PPD2_PRESERVE_QOS If set, then the parser will not interpret the PPD2 bits as preserve QOS bits and instead will treat them as reserved and will be transited.; IGNORE_PPD3_PRESERVE_QOS If set, then the parser will not interpret the PPD3 bits as preserve QOS bits and instead will treat them as reserved and will be transited.",1,0x000401802080300e,no,unknown,0x01180600
ING_DVP_TABLE_PARITY_CONTROL,IPIPE,"ING_DVP_TABLE_PARITY_CONTROL, FeatureSpecific-Ethernet",PARITY_EN        This bit enables parity checking for the ING_DVP_TABLE table.,1,0x00000001,no,low (parity init),0x0b180d08
ING_EGRMSKBMAP_PARITY_CONTROL,IPIPE,"Parity Control for ING_EGRMSKBMAP table, FeatureSpecific-Ethernet",PARITY_EN        This bit enables parity checking for the ING_EGRMSKBMAP table.,1,0x00000001,no,low (parity init),0x0f180d64
ING_EVENT_DEBUG_Y,IPIPE,Ingress Events Debug Register.,"VXLT_MISS        Bit 0 - Packets dropped due to VLAN translation miss.; BPDU             Bit 1 - BPDU packet drop.; PROTOCOL_PKT     Bit 2 - Protocol packet drop.; CML              Bit 3 - Packets dropped due to CML.; SRC_ROUTE        Bit 4 - Packets dropped due to source route.; L2SRC_DISCARD    Bit 5 - Packets dropped due to L2 source discard.; L2SRC_STATIC_MOVE Bit 6 - Packets dropped due to L2 source static movement.; L2DST_DISCARD    Bit 7 - Packets dropped due to L2 destination discard.; CFI_OR_L3DISABLE Bit 8 - Packets dropped due to CFI or L3 disable.; HIGIG_MH_TYPE1   Bit 9 - Packets dropped due to HiGig module header type 1.; DISC_STAGE       Bit 10 - Packets dropped in discard stage.; SW1_INVALID_VLAN Bit 11 - Packets dropped due to invalid VLAN.; PDISC            Bit 12 - Receive policy discard counter - DST_DISCARD, SRC_DISCARD, RATE_CONTROL, etc.; RFILDR           Bit 13 - Packets dropped by FP.; RIMDR            Bit 14 - Multicast (L2+L3) packets that are dropped.; RDROP            Bit 15 - Port bitmap zero drop condition.; VFP              Bit 16 - VFP drop (drop vector).; RESERVED_1       Bit 17 - Reserved.; DSL2HE           Bit 18 - DOS L2 header error packets.; DSL3HE           Bit 19 - DOS L3 header error packets.; DSL4HE           Bit 20 - DOS L4 header error packets.; DSICMP           Bit 21 - DOS ICMP error packets.; DSFRAG           Bit 22 - DOS fragment error packets.; MTUERR           Bit 23 - Packets trapped to CPU due to egress L3 MTU violation.; RESERVED_0       Bit 24 - Reserved.; RTUNE            Bit 25 - Receive tunnel error packets.; HG_FAILOVER_PORT_DOWN Bit 26 - Packets dropped due to Higig failover port down.; HGHDRE           Bit 27 - Higig Header error packets and not copied to CPU.; MCIDXE           Bit 28 - Multicast Index error packets.; LAGLUP           Bit 29 - LAG failover loopback packets - from either loopback port or higig.; LAGLUPD          Bit 30 - LAG failover loopback packets discarded due to backup port down.; PARITYD          Bit 31 - Parity error packets.",1,0x00000002,no,unknown,0x0f180463
ING_HIGIG_TRUNK_OVERRIDE_PROFILE_PARITY_CONTROL,IPIPE,"Parity Control for ING_HIGIG_TRUNK_OVERRIDE_PROFILE table, FeatureSpecific-Ethernet",PARITY_EN        This bit enables parity checking for the ING_HIGIG_TRUNK_OVERRIDE_PROFILE table.,1,0x00000001,no,low (parity init),0x0f180d25
ING_L3_NEXT_HOP_PARITY_CONTROL,IPIPE,"ING_L3_NEXT_HOP_PARITY_CONTROL, FeatureSpecific-Ethernet",PARITY_EN        This bit enables parity checking for the ING_L3_NEXT_HOP table.,1,0x00000001,no,low (parity init),0x0e180d03
ING_MISC_CONFIG2,IPIPE,Ingress misc config register #2.,"FP_FIXED_KEY_EXPANSION This register drives the FPs expansion bits in the fixed key (until needed for something else).; FP_KEY_FORCE_VID When set, the VID is always used for FP key generation even if there is a tunnel hit which usually overrides the VID with tunnel ID.; DO_NOT_LEARN_DHCP If set to 1, DHCP packets will not have learning of their MACSA.; UNKNOWN_TUNNEL_IPMC_DROP Drop unknown IPMC packets for incoming tunnels.; IPMC_MISS_AS_L2MC For unknown IPMC packets, go through L2MC logic, instead of just flood to VLAN.; BLOCKED_PORTS_FP_DISABLE Disable FP lookup if port is in blocked state.; CLASS_BASED_SM_PREVENTED_DROP Packets that are not re-learned due to class based station movement restrictions are dropped when this bit is enabled.",1,0x00000080,no,unknown,0x0c180606
ING_MPLS_TPID,IPIPE,Ingress Outer TPID register.,TPID             Ingress outer TPID field.,3,0x00008100,no,unknown,0x05180600
ING_OUTER_TPID,IPIPE,Ingress Outer TPID register.,TPID             Ingress outer TPID field.,3,0x00008100,no,unknown,0x0218063c
ING_PRI_CNG_MAP_PARITY_CONTROL,IPIPE,"ING_PRI_CNG_MAP_PARITY_CONTROL, FeatureSpecific-Ethernet",PARITY_EN        This bit enables parity checking for the ING_PRI_CNG_MAP table.,1,0x00000001,no,medium (QoS / hash),0x0c180d0b
ING_PW_TERM_SEQ_NUM_PARITY_CONTROL,IPIPE,"Parity Control for ING_PW_TERM_SEQ_NUM table, FeatureSpecific-Ethernet",PARITY_EN        This bit enables parity checking for the ING_PW_TERM_SEQ_NUM table.,1,0x00000001,no,low (parity init),0x0f180d37
ING_Q_BEGIN,IPIPE,Ingress Service Interface Counters.,QBUS             Debug BUS introduced for later ECO provisions.; NEW_INT_PRI      New internal priority.; PACKET_COUNTER   Packet counter value.; BYTE_COUNTER     Byte counter value.; EVEN_PARITY      Even parity.,1,0x00000007,no,unknown,0x00180d08
ING_SERVICE_COUNTER_TABLE_PARITY_CONTROL,IPIPE,"Parity Control for ING_SERVICE_COUNTER_TABLE table, FeatureSpecific-Ethernet",PARITY_EN        This bit enables parity checking for the ING_SERVICE_COUNTER_TABLE table.,1,0x00000001,no,low (parity init),0x0f180d90
ING_UNTAGGED_PHB_PARITY_CONTROL,IPIPE,"ING_UNTAGGED_PHB_PARITY_CONTROL, FeatureSpecific-Ethernet",PARITY_EN        This bit enables parity checking for the ING_UNTAGGED_PHB_table.,1,0x00000001,no,low (parity init),0x0c180d0e
ING_VINTF_COUNTER_TABLE_PARITY_CONTROL,IPIPE,"Parity Control for ING_VINTF_COUNTER_TABLE table, FeatureSpecific-Ethernet",PARITY_EN        This bit enables parity checking for the ING_VINTF_COUNTER_TABLE table.,1,0x00000001,no,low (parity init),0x0f180d93
INITIAL_ING_L3_NEXT_HOP_PARITY_CONTROL,IPIPE,INITIAL_ING_L3_NEXT_HOP_PARITY_CONTROL,PARITY_EN        This bit enables parity checking for the INITIAL_ING_L3_NEXT_HOP table.,1,0x00000001,no,low (parity init),0x0b180d0b
INITIAL_L3_ECMP_GROUP_PARITY_CONTROL,IPIPE,"INITIAL_L3_ECMP_GROUP_PARITY_CONTROL, FeatureSpecific-Ethernet",PARITY_EN        This bit enables parity checking for the INITIAL_L3_ECMP_GROUP table.,1,0x00000001,no,low (parity init),0x0b180d0e
INITIAL_L3_ECMP_PARITY_CONTROL,IPIPE,"INITIAL_L3_ECMP_PARITY_CONTROL, FeatureSpecific-Ethernet",PARITY_EN        This bit enables parity checking for the INITIAL_L3_ECMP table.,1,0x00000001,no,low (parity init),0x0b180d11
INITIAL_PROT_NHI_TABLE_PARITY_CONTROL,IPIPE,"INITIAL_PROT_NHI_TABLE_PARITY_CONTROL, FeatureSpecific-Ethernet",PARITY_EN        This bit enables parity checking for the INITIAL_PROT_NHI_TABLE table.,1,0x00000001,no,low (parity init),0x0b180d14
INPUT_PORT_RX_ENABLE0_64,MMU,INPUT_PORT_RX_ENABLE0,INPUT_PORT_RX_ENABLE Input Port Rx Enable Bitmap for ports [36:0]; INPUT_PORT_RX_ENABLE_LO Overlay bitmap for ports 31:0; INPUT_PORT_RX_ENABLE_HI Overlay bitmap for ports 36:32,1,0x00000001ffffffff,no,medium (MMU),0x02380004
INPUT_PORT_RX_ENABLE1_64,MMU,INPUT_PORT_RX_ENABLE1,INPUT_PORT_RX_ENABLE Input Port Rx Enable Bitmap for ports [69:37]; INPUT_PORT_RX_ENABLE_LO Overlay bitmap for ports 68:37; INPUT_PORT_RX_ENABLE_HI Overlay bitmap for ports 69,1,0x00000001fffe001f,no,medium (MMU),0x02380005
IP0_INTR_ENABLE,IPIPE,Bitwise interrupt enable for IP0_INTR_STATUS,PPA_CMD_COMPLETE PPA Command is complete.  This bit is set directly from PER_PORT_AGE_CONTROL.COMPLETE; MEM_RESET_COMPLETE Memory reset command is complete. This bit is set directly from ING_HW_RESET_CONTROL_2.DONE; AGE_CMD_COMPLETE Software AGE command is complete. This bit is set directly from AGE_DEBUG.COMPLETE; LMEP_PAR_ERR     LMEP  parity error.; IARB_PKT_ERR     Iarb packet ecc error.; IARB_HDR_ERR     Iarb header ecc error.; IARB_PIPE_X_LERAN_FIFO_ECC_ERR Iarb pipe x learn_fifo ecc error.; IARB_PIPE_Y_LERAN_FIFO_ECC_ERR Iarb pipe y learn_fifo ecc error.,1,0x000000f0,no,unknown,0x00180d1f
IP0_INTR_STATUS,IPIPE,IP0 Interrupt Status,PPA_CMD_COMPLETE PPA Command is complete.  This bit is set directly from PER_PORT_AGE_CONTROL.COMPLETE; MEM_RESET_COMPLETE Memory reset command is complete. This bit is set directly from ING_HW_RESET_CONTROL_2.DONE; AGE_CMD_COMPLETE Software AGE command is complete. This bit is set directly from AGE_DEBUG.COMPLETE; LMEP_PAR_ERR     LMEP  parity error.; IARB_PKT_ERR     Iarb packet ecc error.; IARB_HDR_ERR     Iarb header ecc error.; IARB_PIPE_X_LERAN_FIFO_ECC_ERR Iarb pipe x learn_fifo ecc error.; IARB_PIPE_Y_LERAN_FIFO_ECC_ERR Iarb pipe y learn_fifo ecc error.,1,0x00000001,no,low (statistics),0x00180d1e
IP1_INTR_ENABLE,IPIPE,Bitwise interrupt enable for IP1_INTR_STATUS,VXLT_PAR_ERR     VLAN_XLATE table parity error.; VFP_POLICY_PAR_ERR VFP POLICY table parity error.; VLAN_PROT_PAR_ERR VLAN_PROTOCOL_DATA parity error.; VLAN_SUBNET_PAR_ERR  VLAN_SUBNET_DATA_ONLY parity error.; CPU_TS_POLICY_PAR_ERR CPU_TS_MAP  parity error.; VLAN_RANGE_PAR_ERR  ING_VLAN_RANGE parity error.; MOD_MAP_PAR_ERR  ING_MOD_MAP parity error.; FP_UDF_PAR_ERR   UDF_OFFSET  parity error.; L3_TUNNEL_PAR_ERR  L3_TUNNEL parity error.; WLAN_SVP_PAR_ERR WLAN_SVP_TABLE  parity error.; SRC_TRUNK_PAR_ERR SOURCE_TRUNK_MAP  parity error.; LPORT_PAR_ERR    LPORT_PROFILE_TABLE parity error.; MPLS_ENTRY_PAR_ERR MPLS_ENTRY table parity error.; PORT_TABLE_PAR_ERR PORT_TABLE  parity error.; SYS_CONFIG_PAR_ERR SYSTEM_CONFIG_TABLE  parity error.; SYSTEM_CONFIG_MODVIEW_PAR_ERR SYSTEM_CONFIG_MODVIEW  parity error.; SOURCE_TRUNK_MAP_MODVIEW_PAR_ERR SOURCE_TRUNK_MAP_MODVIEW  parity error.,1,0x0001fdff,no,unknown,0x04180d01
IP2_INTR_ENABLE,IPIPE,Bitwise interrupt enable for IP2_INTR_STATUS,NHOP_PAR_ERR     INITIAL_ING_L3_NEXT_HOP parity error.; ECMP_GRP_PAR_ERR INITIAL_L3_ECMP_GROUP parity error.; L3_ECMP_PAR_ERR  INITIAL_L3_ECMP table parity error.; ING_DVP_PAR_ERR  ING_DVP_TABLE parity error.; PROT_NHI_PAR_ERR INITIAL_PROT_NHI_TABLE parity error.; PORT_CBL_PAR_ERR PORT_CBL_TABLE parity error.; PORT_CBL_MODBASE_PAR_ERR PORT_CBL_MODBASE_TABLE parity error.; L3_IPMC_1_PAR_ERR L3_IPMC_1  parity error.; MA_INDEX_PAR_ERR MA_INDEX parity error; RMEP_PAR_ERR     RMEP  parity error.; MAID_REDUCTION_PAR_ERR MAID_REDUCTION parity error.; MA_STATE_PAR_ERR MA_STATE parity error; VLAN_PAR_ERR     VLAN table parity error.; SVP_PAR_ERR      SOURCE_VP table parity error.; L3_IIF_PAR_ERR   L3_IIF table parity error.; VFI_INTR         VFI table parity error.; VLAN_MPLS_INTR   VLAN_MPLS table parity error.; VLAN_STG_INTR    VLAN_STG table parity error.; VRF_INTR         VRF table parity error.; VFI_1_INTR       VFI_1 table parity error.; L3_ENTRY_PAR_ERR L3_ENTRY table parity error.; L3_DEFIP_DATA_PAR_ERR L3_DEFIP_DATA_ONLY table parity error.; L3_DEFIP_128_DATA_PAR_ERR L3_DEFIP_128_DATA_ONLY table parity error.; TTL_FN_PAR_ERR   TTL_FN parity error; TOS_FN_PAR_ERR   TOS_FN parity error; ING_PRI_CNG_MAP_PAR_ERR ING_PRI_CNG_MAP parity error; ING_UNTAGGED_PHB_PAR_ERR ING_UNTAGGED_PHB parity error; DSCP_TABLE_PAR_ERR DSCP_TABLE parity error; FP_FIELD_SEL_PAR_ERR FP_PORT_FIELD_SEL parity error.,1,0x1ffff0df,no,unknown,0x0b180d02
IP3_INTR_ENABLE,IPIPE,Bitwise interrupt enable for IP3_INTR_STATUS,L2_ENTRY_PAR_ERR L2_ENTRY table parity error.; L2_MOD_FIFO_INTR L2_MOD_FIFO table parity error.; L2_USER_ENTRY_DATA_INTR L2_USER_ENTRY_DATA table parity error.,1,0x00000007,no,unknown,0x06180d01
IP4_INTR_ENABLE,IPIPE,Bitwise interrupt enable for IP4_INTR_STATUS,IFP_POLICY_PAR_ERR  IFP_POLICY parity error; IFP_STORM_CONTROL_PAR_ERR  IFP_STORM_CONTROL parity error; IFP_COUNTER_PAR_ERR  IFP_COUNTER parity error; IFP_METER_PAR_ERR  IFP_METER parity error; IFP_ING_DVP_2_PAR_ERR  IFP_ING_DVP_2 parity error; IFP_METER_MUX_DATA_STAGING_PAR_ERR  IFP_METER_MUX_DATA_STAGING parity error; IFP_COUNTER_MUX_DATA_STAGING_PAR_ERR  IFP_METER_MUX_DATA_STAGING parity error; IRSEL2_EGR_MASK_MODBASE_PAR_ERR  IRSEL2_EGR_MASK_MODBASE_PAR_ERR; IRSEL2_ICONTROL_OPCODE_BITMAP_PAR_ERR  IRSEL2_ICONTROL_OPCODE_BITMAP_PAR_ERR; IRSEL2_IFP_REDIRECTION_PROFILE_PAR_ERR  IRSEL2_IFP_REDIRECTION_PROFILE_PAR_ERR; IRSEL2_ING_L3_NEXT_HOP_PAR_ERR IRSEL2_ING_L3_NEXT_HOP_PAR_ERR; IRSEL2_L2MC_PAR_ERR IRSEL2_L2MC_PAR_ERR; IRSEL2_L3_ECMP_GROUP_PAR_ERR IRSEL2_L3_ECMP_GROUP_PAR_ERR; IRSEL2_L3_ECMP_PAR_ERR IRSEL2_L3_ECMP_PAR_ERR; IRSEL2_L3_IPMC_PAR_ERR IRSEL2_L3_IPMC_PAR_ERR; IRSEL2_L3_IPMC_REMAP_PAR_ERR IRSEL2_L3_IPMC_REMAP_PAR_ERR; IRSEL2_TRUNK_GROUP_PAR_ERR IRSEL2_TRUNK_GROUP_PAR_ERR,1,0x0001ff97,no,unknown,0x0d180d23
IP5_INTR_ENABLE,IPIPE,Bitwise interrupt enable for IP5_INTR_STATUS,VOQ_COS_MAP_PAR_ERR VOQ_COS_MAP table parity error.; DLB_HGT_FLOWSET_PORT_PAR_ERR DLB_HGT_FLOWSET_PORT table parity error.; DLB_HGT_FLOWSET_TIMESTAMP_PAR_ERR DLB_HGT_FLOWSET_TIMESTAMP table parity error.; DLB_HGT_FLOWSET_TIMESTAMP_PAGE_PAR_ERR DLB_HGT_FLOWSET_TIMESTAMP_PAGE table parity error.,1,0x0000000f,no,unknown,0x0f180d01
IP5_INTR_ENABLE_1,IPIPE,Bitwise interrupt enable for IP5_INTR_STATUS_1,EGR_MASK_PAR_ERR EGR_MASK table parity error.; TRUNK_BITMAP_PAR_ERR TRUNK_BITMAP table parity error.; NONUCAST_TRUNK_BLOCK_MASK_PAR_ERR NONUCAST_TRUNK_BLOCK_MASK  parity error.; MAC_BLOCK_TABLE_PAR_ERR MAC_BLOCK_TABLE parity error.; MODPORT_MAP_SW_PAR_ERR MODPORT_MAP_SW table parity error.; MODPORT_MAP_M0_PAR_ERR MODPORT_MAP_M0 table parity error.; MODPORT_MAP_M1_PAR_ERR MODPORT_MAP_M1 table parity error.; MODPORT_MAP_M2_PAR_ERR MODPORT_MAP_M2 table parity error.; MODPORT_MAP_M3_PAR_ERR MODPORT_MAP_M3 table parity error.; SRC_MODID_INGRESS_BLOCK_PAR_ERR SRC_MODID_INGRESS_BLOCK table parity error.; SRC_MODID_EGRESS_PAR_ERR SRC_MODID_EGRESS table parity error.; ALTERNATE_EMIRROR_BITMAP_PAR_ERR ALTERNATE_EMIRROR_BITMAP table parity error.; PORT_LAG_FAILOVER_SET_PAR_ERR PORT_LAG_FAILOVER_SET table parity error.; VLAN_PROFILE_2_PAR_ERR VLAN_PROFILE_2 table parity error.; L3_MTU_VALUES_PAR_ERR L3_MTU_VALUES table parity error.; ING_PW_TERM_SEQ_NUM_PAR_ERR ING_PW_TERM_SEQ_NUM table parity error.; ING_SERVICE_COUNTER_TABLE_PAR_ERR ING_SERVICE_COUNTER_TABLE parity error.; ING_VINTF_COUNTER_TABLE_PAR_ERR ING_VINTF_COUNTER_TABLE parity error.; VLAN_COS_MAP_PAR_ERR VLAN_COS_MAP table parity error.; E2E_HOL_STATUS_PAR_ERR E2E_HOL_STATUS table parity error.; E2E_HOL_STATUS_1_PAR_ERR E2E_HOL_STATUS_1 table parity error.; UNKNOWN_UCAST_BLOCK_MASK_PAR_ERR UNKNOWN_UCAST_BLOCK_MASK parity error.; UNKNOWN_MCAST_BLOCK_MASK_PAR_ERR UNKNOWN_MCAST_BLOCK_MASK parity error.; BCAST_BLOCK_MASK_PAR_ERR BCAST_BLOCK_MASK parity error.; KNOWN_MCAST_BLOCK_MASK_PAR_ERR KNOWN_MCAST_BLOCK_MASK parity error.; ING_EGRMSKBMAP_PAR_ERR ING_EGRMSKBMAP parity error.; LOCAL_SW_DISABLE_DEFAULT_PBM_PAR_ERR LOCAL_SW_DISABLE_DEFAULT_PBM parity error.; LOCAL_SW_DISABLE_DEFAULT_PBM_MIRR_PAR_ERR LOCAL_SW_DISABLE_DEFAULT_PBM_MIRR parity error.; IMIRROR_BITMAP_PAR_ERR IMIRROR_BITMAP parity error.; UNKNOWN_HGI_BITMAP_PAR_ERR UNKNOWN_HGI_BITMAP parity error.; TRUNK_MEMBER_PAR_ERR TRUNK_MEMBER parity error.; ING_HIGIG_TRUNK_OVERRIDE_PROFILE_PAR_ERR ING_HIGIG_TRUNK_OVERRIDE_PROFILE parity error.,1,0xffffffff,no,unknown,0x0f180d03
IP5_INTR_ENABLE_2,IPIPE,Bitwise interrupt enable for IP5_INTR_STATUS_2,EMIRROR_CONTROL_PAR_ERR EMIRROR_CONTROL parity error.; EMIRROR_CONTROL1_PAR_ERR EMIRROR_CONTROL1 parity error.; EMIRROR_CONTROL2_PAR_ERR EMIRROR_CONTROL2 parity error.; EMIRROR_CONTROL3_PAR_ERR EMIRROR_CONTROL3 parity error.; SW2_EOP_BUFFER_A_PAR_ERR SW2_EOP_BUFFER_A parity error.; SW2_EOP_BUFFER_B_PAR_ERR SW2_EOP_BUFFER_B parity error.; SW2_EOP_BUFFER_C_PAR_ERR SW2_EOP_BUFFER_C parity error.; IP_COUNTERS_PAR_ERR IP_COUNTERS parity error.; RDBGC_MEM_INST0_PAR_ERR RDBGC_MEM_INST0 parity error.; RDBGC_MEM_INST1_PAR_ERR RDBGC_MEM_INST1_ parity error.; RDBGC_MEM_INST2_PAR_ERR RDBGC_MEM_INST2 parity error.; HG_COUNTERS_PAR_ERR HG_COUNTERS parity error.; NIV_ERROR_DROP_PAR_ERR NIV_ERROR_DROP_COUNTERS parity error.; NIV_FORWARDING_DROP_PAR_ERR NIV_FORWARDING_DROP_COUNTERS parity error.; NIV_VLAN_TAGGED_PAR_ERR NIV_VLAN_TAGGED_COUNTERS parity error.; TRILL_RX_PKTS_PAR_ERR TRILL_RX_PKTS_COUNTERS parity error.; TRILL_RX_ACCESS_PORT_TRILL_PKTS_DISCARDED_PAR_ERR TRILL_RX_ACCESS_PORT_TRILL_PKTS_DISCARDED_COUNTERS parity error.; TRILL_RX_NETWORK_PORT_NON_TRILL_PKTS_DISCARDED_PAR_ERR TRILL_RX_ACCESS_PORT_TRILL_PKTS_DISCARDED_COUNTERS parity error.; CPB_PAR_ERR      SW2 Cell Pointer buffer parity error.,1,0x0007ffff,no,unknown,0x0f180d05
IPG_HD_BKP_CNTL,XLPORT0 XLPORT1 XLPORT2 XLPORT3 XLPORT4 XLPORT5 XLPORT6 XLPORT7 XLPORT8 XLPORT9 XLPORT10 XLPORT11 XLPORT12 XLPORT13 XLPORT14 XLPORT15 XLPORT16 XLPORT17,The control register for HD-BackPressure.,"HD_FC_ENA        When set, enables back-pressure in half-duplex mode.; HD_FC_BKOFF_OK   Register Bit 1 refers to the application of backoff algorithm during HD backpressure.; IPG_CONFIG_RX    The programmable Rx IPG below which the packets received are dropped graciously. The value is in Bytes for 1/2.5G and Nibbles for 10/100M.",52,0x00000014,no,unknown,0x00500501
IP_COUNTERS_PARITY_CONTROL,IPIPE,"Parity Control for IP stats counters, FeatureSpecific-Ethernet",PARITY_EN        This bit enables parity checking for the IP stats counters.,1,0x00000001,no,low (parity init),0x0f180d81
KNOWN_MCAST_BLOCK_MASK_PARITY_CONTROL,IPIPE,"Parity Control for KNOWN_MCAST_BLOCK_MASK table, FeatureSpecific-Ethernet",PARITY_EN        This bit enables parity checking for the KNOWN_MCAST_BLOCK_MASK table.,1,0x00000001,no,low (parity init),0x0f180d67
L2MC_PARITY_CONTROL,IPIPE,"L2MC_PARITY_CONTROL, FeatureSpecific-Ethernet",PARITY_EN        This bit enables parity checking for the L2MC table.,1,0x00000001,no,low (parity init),0x0e180d06
L2_AGE_TIMER,IPIPE,Age Timer Register,AGE_VAL          Age Limit; AGE_ENA          Age Enable,1,0x00000000,no,unknown,0x00180304
L2_AUX_HASH_CONTROL,IPIPE,L2_AUX_HASH_CONTROL.,INSERT_LEAST_FULL_HALF Insert entry into the least full half of the hash location if 1.; HASH_SELECT      Selects one of the standard hashing modes.; ENABLE           This bit enables dual hashing (if == 1) for the L2_ENTRY table.,1,0x00000013,no,medium (QoS / hash),0x06180600
L2_BULK_CONTROL,IPIPE,L2 Bulk match enable.,"L2_MOD_FIFO_RECORD Record entry to L2_MOD_FIFO; ACTION           indicates selection criteria, deletion versus replacement; START            initiate the L2_BULK operation; COMPLETE         L2_BULK operation is complete; VALID            Indicates that the entry is valid.; LEGACY:KEY       Key for KEY_TYPE = 0.; KEY_TYPE         KEY: Key type.; LEGACY:OVID      KEY TYPE 1 or 2: Outer vlan id.; LEGACY:VLAN_ID   KEY TYPE 0: Vlan id.; LEGACY:VFI       KEY TYPE 3: Virtual Forwarding Instance.; LEGACY:MAC_ADDR  KEY TYPE 0: MAC address.; LEGACY:IVID      KEY TYPE 2: Inner vlan id.; LEGACY:RESERVED_1 Reserved.; LEGACY:DESTINATION_1 Destination fields for KEY_TYPE = 0, 1 and 2.; LEGACY:VPG_1     Virtual port group if VPG_TYPE==1.; LEGACY:TGID_1    Trunk id value if T==1.; LEGACY:PORT_NUM_1 Port if trunk bit is not set and VPG_TYPE==0.; LEGACY:MODULE_ID_1 Module id if trunk bit is not set and VPG_TYPE==0.; LEGACY:REMOTE_TRUNK_1 When T==1, indicates entry was learned on higig port (pkt originally entered system on a remote module).; LEGACY:DEST_TYPE_1 Indicates destination type.		    For VLAN-based keys:		    00 = {MODID, PORT} or L2MC_index		    01 = {'0', TGID} or L2MC_index		    10 = GPON DVPG		    11 = GPON Multicast (L3MC_index)		    		    For VFI-based keys:		    10 = VPLS DVP		    11 = VPLS Multicast (L3MC_index); LEGACY:T_1       Indicates destination is a LAG.; LEGACY:VPG_TYPE_1 Indicates destination is a Virtual Port Group.; LEGACY:ASSOCIATED_DATA Entire associated data for KEY_TYPE = 0.; LEGACY:DATA      Entire associated data for KEY_TYPE = 0.; LEGACY:DESTINATION Destination fields for KEY_TYPE = 0, 1 and 2.; LEGACY:L2MC_PTR  L2MC pointer if MAC_ADDR[40]==1.; LEGACY:VPG       Virtual port group if VPG_TYPE==1.; LEGACY:TGID      Trunk id value if T==1.; LEGACY:PORT_NUM  Port if trunk bit is not set and VPG_TYPE==0.; LEGACY:MODULE_ID Module id if trunk bit is not set and VPG_TYPE==0.; LEGACY:TRILL_NETWORK_RECEIVERS_PRESENT Indicates that the frame must be looped back for TRILL domain processing.; LEGACY:REMOTE_TRUNK When T==1, indicates entry was learned on higig port (pkt originally entered system on a remote module).; LEGACY:DEST_TYPE Indicates destination type.		    For VLAN-based keys:		    00 = {MODID, PORT} or L2MC_index		    01 = {'0', TGID} or L2MC_index		    10 = GPON DVPG		    11 = GPON Multicast (L3MC_index)		    		    For VFI-based keys:		    10 = VPLS DVP		    11 = VPLS Multicast (L3MC_index); LEGACY:T         Indicates destination is a LAG.; LEGACY:VPG_TYPE  Indicates destination is a Virtual Port Group.; LEGACY:CLASS_ID  L2 Classification id used for ingress FP.; LEGACY:MAC_BLOCK_INDEX MAC Block Index.; LEGACY:DUMMY_INDEX Dummy base field to line up with CLASS_ID overlay.; LEGACY:RPE       If set, packet will be assigned internal priority from the PRI field.; LEGACY:PRI       Internal Priority (Traffic class) associated with this MAC address. Only used if the RPE bit is set.; LEGACY:PENDING   Indicates that the entry is pending validation from software.; LEGACY:STATIC_BIT Indicates entry is SW programmed and static.; LEGACY:DST_DISCARD Destination discard bit.; LEGACY:CPU       Destination copy to cpu bit.; LEGACY:SRC_DISCARD Source discard bit.; LEGACY:SCP       If set, packet source internal priority takes precendence over destination internal priority.; L2:KEY           Key for KEY_TYPE = 0.; L2:VLAN_ID       KEY TYPE 0: Vlan id.; L2:VFI           KEY TYPE 3: VFI.; L2:MAC_ADDR      KEY TYPE 0: MAC address.; L2:ASSOCIATED_DATA Entire associated data for KEY_TYPE = 0.; L2:DATA          Entire associated data for KEY_TYPE = 0.; L2:DESTINATION   Destination fields for KEY_TYPE = 0, 1 and 2.; L2:L2MC_PTR      L2MC pointer if MAC_ADDR[40]==1.; L2:VPG           Virtual port group if VPG_TYPE==1.; L2:TGID          Trunk id value if trunk bit is set.; L2:PORT_NUM      Port if trunk bit is not set and VPG_TYPE==0.; L2:MODULE_ID     Module id if trunk bit is not set and VPG_TYPE==0.; L2:TRILL_NETWORK_RECEIVERS_PRESENT Indicates that the frame must be looped back for TRILL domain processing.; L2:REMOTE_TRUNK  When T==1, indicates entry was learned on higig port (pkt originally entered system on a remote module).; L2:DEST_TYPE     Indicates destination type.		    For VLAN-based keys:		    00 = {MODID, PORT} or L2MC_index		    01 = {'0', TGID} or L2MC_index		    10 = GPON DVPG		    11 = GPON Multicast (L3MC_index)		    		    For VFI-based keys:		    10 = VPLS DVP		    11 = VPLS Multicast (L3MC_index); L2:T             Indicates destination is a LAG.; L2:VPG_TYPE      Indicates destination is a Virtual Port Group.; L2:CLASS_ID      L2 Classification id used for ingress FP.; L2:MAC_BLOCK_INDEX MAC Block Index.; L2:DUMMY_INDEX   Dummy base field to line up with CLASS_ID overlay.; L2:RPE           If set, packet will be assigned internal priority from the PRI field.; L2:PRI           Internal Priority (Traffic class) associated with this MAC address. Only used if the RPE bit is set.; L2:PENDING       Indicates that the entry is pending validation from software.; L2:STATIC_BIT    Indicates entry is SW programmed and static.; L2:DST_DISCARD   Destination discard bit.; L2:CPU           Destination copy to cpu bit.; L2:SRC_DISCARD   Source discard bit.; L2:SCP           If set, packet source internal priority takes precendence over destination internal priority.; VLAN:KEY         Key for KEY_TYPE = 0.; VLAN:OVID        KEY TYPE 1 or 2: OVID.; VLAN:IVID        KEY TYPE 2: IVID.; VLAN:ASSOCIATED_DATA Entire associated data for KEY_TYPE = 0.; VLAN:DATA        Entire associated data for KEY_TYPE = 0.; VLAN:RESERVED_1  Reserved.; VLAN:DESTINATION_1 Destination fields for KEY_TYPE = 0, 1 and 2.; VLAN:VPG_1       Virtual port group if VPG_TYPE==1.; VLAN:TGID_1      Trunk id value if T==1.; VLAN:PORT_NUM_1  Port if trunk bit is not set and VPG_TYPE==0.; VLAN:MODULE_ID_1 Module id if trunk bit is not set and VPG_TYPE==0.; VLAN:REMOTE_TRUNK_1 When T==1, indicates entry was learned on higig port (pkt originally entered system on a remote module).; VLAN:DEST_TYPE_1 Indicates destination type.		    For VLAN-based keys:		    00 = {MODID, PORT} or L2MC_index		    01 = {'0', TGID} or L2MC_index		    10 = GPON DVPG		    11 = GPON Multicast (L3MC_index)		    		    For VFI-based keys:		    10 = VPLS DVP		    11 = VPLS Multicast (L3MC_index); VLAN:T_1         Indicates destination is a LAG.; VLAN:VPG_TYPE_1  Indicates destination is a Virtual Port Group.; VLAN:DESTINATION Destination fields for KEY_TYPE = 0, 1 and 2.; VLAN:VPG         Virtual port group if VPG_TYPE==1.; VLAN:TGID        Trunk id value if T==1.; VLAN:PORT_NUM    Port if trunk bit is not set and VPG_TYPE==0.; VLAN:MODULE_ID   Module id if trunk bit is not set and VPG_TYPE==0.; VLAN:REMOTE_TRUNK When T==1, indicates entry was learned on higig port (pkt originally entered system on a remote module).; VLAN:DEST_TYPE   Indicates destination type.		    For VLAN-based keys:		    00 = {MODID, PORT} or L2MC_index		    01 = {'0', TGID} or L2MC_index		    10 = GPON DVPG		    11 = GPON Multicast (L3MC_index)		    		    For VFI-based keys:		    10 = VPLS DVP		    11 = VPLS Multicast (L3MC_index); VLAN:T           Indicates destination is a LAG.; VLAN:VPG_TYPE    Indicates destination is a Virtual Port Group.; VLAN:CLASS_ID    L2 Classification id used for ingress FP.; VLAN:MAC_BLOCK_INDEX MAC Block Index.; VLAN:DUMMY_INDEX Dummy base field to line up with CLASS_ID overlay.; VLAN:RPE         If set, packet will be assigned internal priority from the PRI field.; VLAN:PRI         Internal Priority (Traffic class) associated with this MAC address. Only used if the RPE bit is set.; VLAN:PENDING     Indicates that the entry is pending validation from software.; VLAN:STATIC_BIT  Indicates entry is SW programmed and static.; VLAN:DST_DISCARD Destination discard bit.; VLAN:CPU         Destination copy to cpu bit.; VLAN:SRC_DISCARD Source discard bit.; VLAN:SCP         If set, packet source internal priority takes precendence over destination internal priority.; VIF:KEY          Key for KEY_TYPE = 4.; VIF:NAMESPACE    KEY TYPE 4: Ingress Ports associated Namespace from PORT_TABLE.; VIF:DST_VIF      KEY TYPE 4: The dst_vif field of the incoming packet's VNTAG.; VIF:P            KEY TYPE 4: The p field of the incoming packet's VNTAG.; VIF:ASSOCIATED_DATA Entire associated data for KEY_TYPE = 4.; VIF:DATA         Entire associated data for KEY_TYPE = 4.; VIF:RESERVED_0   Reserved.; VIF:DESTINATION  Destination fields for KEY_TYPE = 4.; VIF:L2MC_PTR     L2MC pointer if MAC_ADDR[40]==1.; VIF:VPG          Virtual port group if VPG_TYPE==1.; VIF:TGID         Trunk id value if T==1.; VIF:PORT_NUM     Port if trunk bit is not set and VPG_TYPE==0.; VIF:MODULE_ID    Module id if trunk bit is not set and VPG_TYPE==0.; VIF:REMOTE_TRUNK When T==1, indicates entry was learned on higig port (pkt originally entered system on a remote module).; VIF:DEST_TYPE    Indicates destination type.		    For VIF-based keys:		    00 = {MODID, PORT} or L2MC_index		    01 = {'0', TGID} or L2MC_index; VIF:T            Indicates destination is a LAG.; VIF:VPG_TYPE     Indicates destination is a Virtual Port Group.; VIF:CLASS_ID     L2 Classification id used for ingress FP.; VIF:MAC_BLOCK_INDEX MAC Block Index.; VIF:DUMMY_INDEX  Dummy base field to line up with CLASS_ID overlay.; VIF:RPE          If set, packet will be assigned internal priority from the PRI field.; VIF:PRI          Internal Priority (Traffic class) associated with this MAC address. Only used if the RPE bit is set.; VIF:PENDING      Indicates that the entry is pending validation from software.; VIF:STATIC_BIT   Indicates entry is SW programmed and static.; VIF:DST_DISCARD  Destination discard bit.; VIF:CPU          Destination copy to cpu bit.; VIF:SRC_DISCARD  Source discard bit.; VIF:SCP          If set, packet source internal priority takes precendence over destination internal priority.; TRILL_NONUC_ACCESS:KEY Key for KEY_TYPE = 5.; TRILL_NONUC_ACCESS:VLAN_ID KEY TYPE 5: VLAN ID.; TRILL_NONUC_ACCESS:MAC_ADDR KEY TYPE 5: MAC address.; TRILL_NONUC_ACCESS:ASSOCIATED_DATA Entire associated data for KEY_TYPE = 5.; TRILL_NONUC_ACCESS:DATA Entire associated data for KEY_TYPE = 5.; TRILL_NONUC_ACCESS:L3MC_PTR L3MC pointer.; TRILL_NONUC_ACCESS:DEST_TYPE Indicates destination type. Always set to 11 (L3MC_Index) for in this view.; TRILL_NONUC_ACCESS:CLASS_ID Classification id used for ingress FP.; TRILL_NONUC_ACCESS:MAC_BLOCK_INDEX MAC Block Index.; TRILL_NONUC_ACCESS:RPE If set, packet will be assigned internal priority from the PRI field.; TRILL_NONUC_ACCESS:PRI Internal Priority (Traffic class) associated with this MAC address. Only used if the RPE bit is set.; TRILL_NONUC_ACCESS:PENDING Indicates that the entry is pending validation from software.; TRILL_NONUC_ACCESS:STATIC_BIT Indicates entry is SW programmed and static.; TRILL_NONUC_ACCESS:DST_DISCARD Destination discard bit.; TRILL_NONUC_ACCESS:CPU Destination copy to cpu bit.; TRILL_NONUC_ACCESS:SRC_DISCARD Source discard bit.; TRILL_NONUC_ACCESS:SCP If set, packet source internal priority takes precendence over destination internal priority.; TRILL_NONUC_NETWORK_LONG:KEY Key for KEY_TYPE = 4.; TRILL_NONUC_NETWORK_LONG:VLAN_ID KEY TYPE 6: Inner L2 header's VLAN ID.; TRILL_NONUC_NETWORK_LONG:MAC_ADDRESS KEY TYPE 6: Inner L2 header's MACDA.; TRILL_NONUC_NETWORK_LONG:TREE_ID KEY TYPE 6: TREE_ID resulting from the Root RBridge Nickname lookup.; TRILL_NONUC_NETWORK_LONG:ASSOCIATED_DATA Entire associated data for KEY_TYPE = 6.; TRILL_NONUC_NETWORK_LONG:DATA Entire associated data for KEY_TYPE = 6.; TRILL_NONUC_NETWORK_LONG:L3MC_INDEX KEY TYPE 6: Replication group for this TREE_ID pruned for this VLAN_ID.; TRILL_NONUC_NETWORK_LONG:TRILL_ACCESS_RECEIVERS_PRESENT KEY TYPE 6: If set, indicates that there are receivers for this C-DA, C-VLAN in the local access domain, so the packet is looped back for local access domain forwarding.; TRILL_NONUC_NETWORK_LONG:DEST_TYPE KEY TYPE 6: Indicates contents of the DESTINATION field. Set to 11 to indicate that the destination is an L3MC index.; TRILL_NONUC_NETWORK_LONG:RESERVED_0 KEY TYPE 6: Reserved.; TRILL_NONUC_NETWORK_SHORT:KEY Key for KEY_TYPE = 4.; TRILL_NONUC_NETWORK_SHORT:VLAN_ID KEY TYPE 7: Inner L2 header's VLAN ID.; TRILL_NONUC_NETWORK_SHORT:TREE_ID KEY TYPE 7: TREE_ID resulting from the Root RBridge Nickname lookup.; TRILL_NONUC_NETWORK_SHORT:ASSOCIATED_DATA Entire associated data for KEY_TYPE = 7.; TRILL_NONUC_NETWORK_SHORT:DATA Entire associated data for KEY_TYPE = 7.; TRILL_NONUC_NETWORK_SHORT:RESERVED_0 KEY TYPE 7: Reserved.; TRILL_NONUC_NETWORK_SHORT:L3MC_INDEX KEY TYPE 7: Replication group for this TREE_ID pruned for this VLAN_ID.; TRILL_NONUC_NETWORK_SHORT:TRILL_ACCESS_RECEIVERS_PRESENT KEY TYPE 7: If set, indicates that there are receivers for this C-DA, C-VLAN in the local access domain, so the packet is looped back for local access domain forwarding.; TRILL_NONUC_NETWORK_SHORT:DEST_TYPE KEY TYPE 7: Indicates contents of the DESTINATION field. Set to 11 to indicate that the destination is an L3MC index.; TRILL_NONUC_NETWORK_SHORT:RESERVED_1 KEY TYPE 7: Reserved.; EVEN_PARITY      Even parity for the L2_ENTRY RAM fields (i.e. excludes HIT bits).; HITDA            Destination hit update bit.; HITSA            Source hit update bit.; LOCAL_SA         Source local update bit.; VALID            Indicates that the entry is valid.; LEGACY:KEY       Key for KEY_TYPE = 0.; KEY_TYPE         KEY: Key type.; LEGACY:OVID      KEY TYPE 1 or 2: Outer vlan id.; LEGACY:VLAN_ID   KEY TYPE 0: Vlan id.; LEGACY:VFI       KEY TYPE 3: Virtual Forwarding Instance.; LEGACY:MAC_ADDR  KEY TYPE 0: MAC address.; LEGACY:IVID      KEY TYPE 2: Inner vlan id.; LEGACY:RESERVED_1 Reserved.; LEGACY:DESTINATION_1 Destination fields for KEY_TYPE = 0, 1 and 2.; LEGACY:VPG_1     Virtual port group if VPG_TYPE==1.; LEGACY:TGID_1    Trunk id value if T==1.; LEGACY:PORT_NUM_1 Port if trunk bit is not set and VPG_TYPE==0.; LEGACY:MODULE_ID_1 Module id if trunk bit is not set and VPG_TYPE==0.; LEGACY:REMOTE_TRUNK_1 When T==1, indicates entry was learned on higig port (pkt originally entered system on a remote module).; LEGACY:DEST_TYPE_1 Indicates destination type.		    For VLAN-based keys:		    00 = {MODID, PORT} or L2MC_index		    01 = {'0', TGID} or L2MC_index		    10 = GPON DVPG		    11 = GPON Multicast (L3MC_index)		    		    For VFI-based keys:		    10 = VPLS DVP		    11 = VPLS Multicast (L3MC_index); LEGACY:T_1       Indicates destination is a LAG.; LEGACY:VPG_TYPE_1 Indicates destination is a Virtual Port Group.; LEGACY:ASSOCIATED_DATA Entire associated data for KEY_TYPE = 0.; LEGACY:DATA      Entire associated data for KEY_TYPE = 0.; LEGACY:DESTINATION Destination fields for KEY_TYPE = 0, 1 and 2.; LEGACY:L2MC_PTR  L2MC pointer if MAC_ADDR[40]==1.; LEGACY:VPG       Virtual port group if VPG_TYPE==1.; LEGACY:TGID      Trunk id value if T==1.; LEGACY:PORT_NUM  Port if trunk bit is not set and VPG_TYPE==0.; LEGACY:MODULE_ID Module id if trunk bit is not set and VPG_TYPE==0.; LEGACY:TRILL_NETWORK_RECEIVERS_PRESENT Indicates that the frame must be looped back for TRILL domain processing.; LEGACY:REMOTE_TRUNK When T==1, indicates entry was learned on higig port (pkt originally entered system on a remote module).; LEGACY:DEST_TYPE Indicates destination type.		    For VLAN-based keys:		    00 = {MODID, PORT} or L2MC_index		    01 = {'0', TGID} or L2MC_index		    10 = GPON DVPG		    11 = GPON Multicast (L3MC_index)		    		    For VFI-based keys:		    10 = VPLS DVP		    11 = VPLS Multicast (L3MC_index); LEGACY:T         Indicates destination is a LAG.; LEGACY:VPG_TYPE  Indicates destination is a Virtual Port Group.; LEGACY:CLASS_ID  L2 Classification id used for ingress FP.; LEGACY:MAC_BLOCK_INDEX MAC Block Index.; LEGACY:DUMMY_INDEX Dummy base field to line up with CLASS_ID overlay.; LEGACY:RPE       If set, packet will be assigned internal priority from the PRI field.; LEGACY:PRI       Internal Priority (Traffic class) associated with this MAC address. Only used if the RPE bit is set.; LEGACY:PENDING   Indicates that the entry is pending validation from software.; LEGACY:STATIC_BIT Indicates entry is SW programmed and static.; LEGACY:DST_DISCARD Destination discard bit.; LEGACY:CPU       Destination copy to cpu bit.; LEGACY:SRC_DISCARD Source discard bit.; LEGACY:SCP       If set, packet source internal priority takes precendence over destination internal priority.; L2:KEY           Key for KEY_TYPE = 0.; L2:VLAN_ID       KEY TYPE 0: Vlan id.; L2:VFI           KEY TYPE 3: VFI.; L2:MAC_ADDR      KEY TYPE 0: MAC address.; L2:ASSOCIATED_DATA Entire associated data for KEY_TYPE = 0.; L2:DATA          Entire associated data for KEY_TYPE = 0.; L2:DESTINATION   Destination fields for KEY_TYPE = 0, 1 and 2.; L2:L2MC_PTR      L2MC pointer if MAC_ADDR[40]==1.; L2:VPG           Virtual port group if VPG_TYPE==1.; L2:TGID          Trunk id value if trunk bit is set.; L2:PORT_NUM      Port if trunk bit is not set and VPG_TYPE==0.; L2:MODULE_ID     Module id if trunk bit is not set and VPG_TYPE==0.; L2:TRILL_NETWORK_RECEIVERS_PRESENT Indicates that the frame must be looped back for TRILL domain processing.; L2:REMOTE_TRUNK  When T==1, indicates entry was learned on higig port (pkt originally entered system on a remote module).; L2:DEST_TYPE     Indicates destination type.		    For VLAN-based keys:		    00 = {MODID, PORT} or L2MC_index		    01 = {'0', TGID} or L2MC_index		    10 = GPON DVPG		    11 = GPON Multicast (L3MC_index)		    		    For VFI-based keys:		    10 = VPLS DVP		    11 = VPLS Multicast (L3MC_index); L2:T             Indicates destination is a LAG.; L2:VPG_TYPE      Indicates destination is a Virtual Port Group.; L2:CLASS_ID      L2 Classification id used for ingress FP.; L2:MAC_BLOCK_INDEX MAC Block Index.; L2:DUMMY_INDEX   Dummy base field to line up with CLASS_ID overlay.; L2:RPE           If set, packet will be assigned internal priority from the PRI field.; L2:PRI           Internal Priority (Traffic class) associated with this MAC address. Only used if the RPE bit is set.; L2:PENDING       Indicates that the entry is pending validation from software.; L2:STATIC_BIT    Indicates entry is SW programmed and static.; L2:DST_DISCARD   Destination discard bit.; L2:CPU           Destination copy to cpu bit.; L2:SRC_DISCARD   Source discard bit.; L2:SCP           If set, packet source internal priority takes precendence over destination internal priority.; VLAN:KEY         Key for KEY_TYPE = 0.; VLAN:OVID        KEY TYPE 1 or 2: OVID.; VLAN:IVID        KEY TYPE 2: IVID.; VLAN:ASSOCIATED_DATA Entire associated data for KEY_TYPE = 0.; VLAN:DATA        Entire associated data for KEY_TYPE = 0.; VLAN:RESERVED_1  Reserved.; VLAN:DESTINATION_1 Destination fields for KEY_TYPE = 0, 1 and 2.; VLAN:VPG_1       Virtual port group if VPG_TYPE==1.; VLAN:TGID_1      Trunk id value if T==1.; VLAN:PORT_NUM_1  Port if trunk bit is not set and VPG_TYPE==0.; VLAN:MODULE_ID_1 Module id if trunk bit is not set and VPG_TYPE==0.; VLAN:REMOTE_TRUNK_1 When T==1, indicates entry was learned on higig port (pkt originally entered system on a remote module).; VLAN:DEST_TYPE_1 Indicates destination type.		    For VLAN-based keys:		    00 = {MODID, PORT} or L2MC_index		    01 = {'0', TGID} or L2MC_index		    10 = GPON DVPG		    11 = GPON Multicast (L3MC_index)		    		    For VFI-based keys:		    10 = VPLS DVP		    11 = VPLS Multicast (L3MC_index); VLAN:T_1         Indicates destination is a LAG.; VLAN:VPG_TYPE_1  Indicates destination is a Virtual Port Group.; VLAN:DESTINATION Destination fields for KEY_TYPE = 0, 1 and 2.; VLAN:VPG         Virtual port group if VPG_TYPE==1.; VLAN:TGID        Trunk id value if T==1.; VLAN:PORT_NUM    Port if trunk bit is not set and VPG_TYPE==0.; VLAN:MODULE_ID   Module id if trunk bit is not set and VPG_TYPE==0.; VLAN:REMOTE_TRUNK When T==1, indicates entry was learned on higig port (pkt originally entered system on a remote module).; VLAN:DEST_TYPE   Indicates destination type.		    For VLAN-based keys:		    00 = {MODID, PORT} or L2MC_index		    01 = {'0', TGID} or L2MC_index		    10 = GPON DVPG		    11 = GPON Multicast (L3MC_index)		    		    For VFI-based keys:		    10 = VPLS DVP		    11 = VPLS Multicast (L3MC_index); VLAN:T           Indicates destination is a LAG.; VLAN:VPG_TYPE    Indicates destination is a Virtual Port Group.; VLAN:CLASS_ID    L2 Classification id used for ingress FP.; VLAN:MAC_BLOCK_INDEX MAC Block Index.; VLAN:DUMMY_INDEX Dummy base field to line up with CLASS_ID overlay.; VLAN:RPE         If set, packet will be assigned internal priority from the PRI field.; VLAN:PRI         Internal Priority (Traffic class) associated with this MAC address. Only used if the RPE bit is set.; VLAN:PENDING     Indicates that the entry is pending validation from software.; VLAN:STATIC_BIT  Indicates entry is SW programmed and static.; VLAN:DST_DISCARD Destination discard bit.; VLAN:CPU         Destination copy to cpu bit.; VLAN:SRC_DISCARD Source discard bit.; VLAN:SCP         If set, packet source internal priority takes precendence over destination internal priority.; VIF:KEY          Key for KEY_TYPE = 4.; VIF:NAMESPACE    KEY TYPE 4: Ingress Ports associated Namespace from PORT_TABLE.; VIF:DST_VIF      KEY TYPE 4: The dst_vif field of the incoming packet's VNTAG.; VIF:P            KEY TYPE 4: The p field of the incoming packet's VNTAG.; VIF:ASSOCIATED_DATA Entire associated data for KEY_TYPE = 4.; VIF:DATA         Entire associated data for KEY_TYPE = 4.; VIF:RESERVED_0   Reserved.; VIF:DESTINATION  Destination fields for KEY_TYPE = 4.; VIF:L2MC_PTR     L2MC pointer if MAC_ADDR[40]==1.; VIF:VPG          Virtual port group if VPG_TYPE==1.; VIF:TGID         Trunk id value if T==1.; VIF:PORT_NUM     Port if trunk bit is not set and VPG_TYPE==0.; VIF:MODULE_ID    Module id if trunk bit is not set and VPG_TYPE==0.; VIF:REMOTE_TRUNK When T==1, indicates entry was learned on higig port (pkt originally entered system on a remote module).; VIF:DEST_TYPE    Indicates destination type.		    For VIF-based keys:		    00 = {MODID, PORT} or L2MC_index		    01 = {'0', TGID} or L2MC_index; VIF:T            Indicates destination is a LAG.; VIF:VPG_TYPE     Indicates destination is a Virtual Port Group.; VIF:CLASS_ID     L2 Classification id used for ingress FP.; VIF:MAC_BLOCK_INDEX MAC Block Index.; VIF:DUMMY_INDEX  Dummy base field to line up with CLASS_ID overlay.; VIF:RPE          If set, packet will be assigned internal priority from the PRI field.; VIF:PRI          Internal Priority (Traffic class) associated with this MAC address. Only used if the RPE bit is set.; VIF:PENDING      Indicates that the entry is pending validation from software.; VIF:STATIC_BIT   Indicates entry is SW programmed and static.; VIF:DST_DISCARD  Destination discard bit.; VIF:CPU          Destination copy to cpu bit.; VIF:SRC_DISCARD  Source discard bit.; VIF:SCP          If set, packet source internal priority takes precendence over destination internal priority.; TRILL_NONUC_ACCESS:KEY Key for KEY_TYPE = 5.; TRILL_NONUC_ACCESS:VLAN_ID KEY TYPE 5: VLAN ID.; TRILL_NONUC_ACCESS:MAC_ADDR KEY TYPE 5: MAC address.; TRILL_NONUC_ACCESS:ASSOCIATED_DATA Entire associated data for KEY_TYPE = 5.; TRILL_NONUC_ACCESS:DATA Entire associated data for KEY_TYPE = 5.; TRILL_NONUC_ACCESS:L3MC_PTR L3MC pointer.; TRILL_NONUC_ACCESS:DEST_TYPE Indicates destination type. Always set to 11 (L3MC_Index) for in this view.; TRILL_NONUC_ACCESS:CLASS_ID Classification id used for ingress FP.; TRILL_NONUC_ACCESS:MAC_BLOCK_INDEX MAC Block Index.; TRILL_NONUC_ACCESS:RPE If set, packet will be assigned internal priority from the PRI field.; TRILL_NONUC_ACCESS:PRI Internal Priority (Traffic class) associated with this MAC address. Only used if the RPE bit is set.; TRILL_NONUC_ACCESS:PENDING Indicates that the entry is pending validation from software.; TRILL_NONUC_ACCESS:STATIC_BIT Indicates entry is SW programmed and static.; TRILL_NONUC_ACCESS:DST_DISCARD Destination discard bit.; TRILL_NONUC_ACCESS:CPU Destination copy to cpu bit.; TRILL_NONUC_ACCESS:SRC_DISCARD Source discard bit.; TRILL_NONUC_ACCESS:SCP If set, packet source internal priority takes precendence over destination internal priority.; TRILL_NONUC_NETWORK_LONG:KEY Key for KEY_TYPE = 4.; TRILL_NONUC_NETWORK_LONG:VLAN_ID KEY TYPE 6: Inner L2 header's VLAN ID.; TRILL_NONUC_NETWORK_LONG:MAC_ADDRESS KEY TYPE 6: Inner L2 header's MACDA.; TRILL_NONUC_NETWORK_LONG:TREE_ID KEY TYPE 6: TREE_ID resulting from the Root RBridge Nickname lookup.; TRILL_NONUC_NETWORK_LONG:ASSOCIATED_DATA Entire associated data for KEY_TYPE = 6.; TRILL_NONUC_NETWORK_LONG:DATA Entire associated data for KEY_TYPE = 6.; TRILL_NONUC_NETWORK_LONG:L3MC_INDEX KEY TYPE 6: Replication group for this TREE_ID pruned for this VLAN_ID.; TRILL_NONUC_NETWORK_LONG:TRILL_ACCESS_RECEIVERS_PRESENT KEY TYPE 6: If set, indicates that there are receivers for this C-DA, C-VLAN in the local access domain, so the packet is looped back for local access domain forwarding.; TRILL_NONUC_NETWORK_LONG:DEST_TYPE KEY TYPE 6: Indicates contents of the DESTINATION field. Set to 11 to indicate that the destination is an L3MC index.; TRILL_NONUC_NETWORK_LONG:RESERVED_0 KEY TYPE 6: Reserved.; TRILL_NONUC_NETWORK_SHORT:KEY Key for KEY_TYPE = 4.; TRILL_NONUC_NETWORK_SHORT:VLAN_ID KEY TYPE 7: Inner L2 header's VLAN ID.; TRILL_NONUC_NETWORK_SHORT:TREE_ID KEY TYPE 7: TREE_ID resulting from the Root RBridge Nickname lookup.; TRILL_NONUC_NETWORK_SHORT:ASSOCIATED_DATA Entire associated data for KEY_TYPE = 7.; TRILL_NONUC_NETWORK_SHORT:DATA Entire associated data for KEY_TYPE = 7.; TRILL_NONUC_NETWORK_SHORT:RESERVED_0 KEY TYPE 7: Reserved.; TRILL_NONUC_NETWORK_SHORT:L3MC_INDEX KEY TYPE 7: Replication group for this TREE_ID pruned for this VLAN_ID.; TRILL_NONUC_NETWORK_SHORT:TRILL_ACCESS_RECEIVERS_PRESENT KEY TYPE 7: If set, indicates that there are receivers for this C-DA, C-VLAN in the local access domain, so the packet is looped back for local access domain forwarding.; TRILL_NONUC_NETWORK_SHORT:DEST_TYPE KEY TYPE 7: Indicates contents of the DESTINATION field. Set to 11 to indicate that the destination is an L3MC index.; TRILL_NONUC_NETWORK_SHORT:RESERVED_1 KEY TYPE 7: Reserved.; EVEN_PARITY      Even parity for the L2_ENTRY RAM fields (i.e. excludes HIT bits).; HITDA            Destination hit update bit.; HITSA            Source hit update bit.; LOCAL_SA         Source local update bit.; VALID            Indicates that the entry is valid.; LEGACY:KEY       Key for KEY_TYPE = 0.; KEY_TYPE         KEY: Key type.; LEGACY:OVID      KEY TYPE 1 or 2: Outer vlan id.; LEGACY:VLAN_ID   KEY TYPE 0: Vlan id.; LEGACY:VFI       KEY TYPE 3: Virtual Forwarding Instance.; LEGACY:MAC_ADDR  KEY TYPE 0: MAC address.; LEGACY:IVID      KEY TYPE 2: Inner vlan id.; LEGACY:RESERVED_1 Reserved.; LEGACY:DESTINATION_1 Destination fields for KEY_TYPE = 0, 1 and 2.; LEGACY:VPG_1     Virtual port group if VPG_TYPE==1.; LEGACY:TGID_1    Trunk id value if T==1.; LEGACY:PORT_NUM_1 Port if trunk bit is not set and VPG_TYPE==0.; LEGACY:MODULE_ID_1 Module id if trunk bit is not set and VPG_TYPE==0.; LEGACY:REMOTE_TRUNK_1 When T==1, indicates entry was learned on higig port (pkt originally entered system on a remote module).; LEGACY:DEST_TYPE_1 Indicates destination type.		    For VLAN-based keys:		    00 = {MODID, PORT} or L2MC_index		    01 = {'0', TGID} or L2MC_index		    10 = GPON DVPG		    11 = GPON Multicast (L3MC_index)		    		    For VFI-based keys:		    10 = VPLS DVP		    11 = VPLS Multicast (L3MC_index); LEGACY:T_1       Indicates destination is a LAG.; LEGACY:VPG_TYPE_1 Indicates destination is a Virtual Port Group.; LEGACY:ASSOCIATED_DATA Entire associated data for KEY_TYPE = 0.; LEGACY:DATA      Entire associated data for KEY_TYPE = 0.; LEGACY:DESTINATION Destination fields for KEY_TYPE = 0, 1 and 2.; LEGACY:L2MC_PTR  L2MC pointer if MAC_ADDR[40]==1.; LEGACY:VPG       Virtual port group if VPG_TYPE==1.; LEGACY:TGID      Trunk id value if T==1.; LEGACY:PORT_NUM  Port if trunk bit is not set and VPG_TYPE==0.; LEGACY:MODULE_ID Module id if trunk bit is not set and VPG_TYPE==0.; LEGACY:TRILL_NETWORK_RECEIVERS_PRESENT Indicates that the frame must be looped back for TRILL domain processing.; LEGACY:REMOTE_TRUNK When T==1, indicates entry was learned on higig port (pkt originally entered system on a remote module).; LEGACY:DEST_TYPE Indicates destination type.		    For VLAN-based keys:		    00 = {MODID, PORT} or L2MC_index		    01 = {'0', TGID} or L2MC_index		    10 = GPON DVPG		    11 = GPON Multicast (L3MC_index)		    		    For VFI-based keys:		    10 = VPLS DVP		    11 = VPLS Multicast (L3MC_index); LEGACY:T         Indicates destination is a LAG.; LEGACY:VPG_TYPE  Indicates destination is a Virtual Port Group.; LEGACY:CLASS_ID  L2 Classification id used for ingress FP.; LEGACY:MAC_BLOCK_INDEX MAC Block Index.; LEGACY:DUMMY_INDEX Dummy base field to line up with CLASS_ID overlay.; LEGACY:RPE       If set, packet will be assigned internal priority from the PRI field.; LEGACY:PRI       Internal Priority (Traffic class) associated with this MAC address. Only used if the RPE bit is set.; LEGACY:PENDING   Indicates that the entry is pending validation from software.; LEGACY:STATIC_BIT Indicates entry is SW programmed and static.; LEGACY:DST_DISCARD Destination discard bit.; LEGACY:CPU       Destination copy to cpu bit.; LEGACY:SRC_DISCARD Source discard bit.; LEGACY:SCP       If set, packet source internal priority takes precendence over destination internal priority.; L2:KEY           Key for KEY_TYPE = 0.; L2:VLAN_ID       KEY TYPE 0: Vlan id.; L2:VFI           KEY TYPE 3: VFI.; L2:MAC_ADDR      KEY TYPE 0: MAC address.; L2:ASSOCIATED_DATA Entire associated data for KEY_TYPE = 0.; L2:DATA          Entire associated data for KEY_TYPE = 0.; L2:DESTINATION   Destination fields for KEY_TYPE = 0, 1 and 2.; L2:L2MC_PTR      L2MC pointer if MAC_ADDR[40]==1.; L2:VPG           Virtual port group if VPG_TYPE==1.; L2:TGID          Trunk id value if trunk bit is set.; L2:PORT_NUM      Port if trunk bit is not set and VPG_TYPE==0.; L2:MODULE_ID     Module id if trunk bit is not set and VPG_TYPE==0.; L2:TRILL_NETWORK_RECEIVERS_PRESENT Indicates that the frame must be looped back for TRILL domain processing.; L2:REMOTE_TRUNK  When T==1, indicates entry was learned on higig port (pkt originally entered system on a remote module).; L2:DEST_TYPE     Indicates destination type.		    For VLAN-based keys:		    00 = {MODID, PORT} or L2MC_index		    01 = {'0', TGID} or L2MC_index		    10 = GPON DVPG		    11 = GPON Multicast (L3MC_index)		    		    For VFI-based keys:		    10 = VPLS DVP		    11 = VPLS Multicast (L3MC_index); L2:T             Indicates destination is a LAG.; L2:VPG_TYPE      Indicates destination is a Virtual Port Group.; L2:CLASS_ID      L2 Classification id used for ingress FP.; L2:MAC_BLOCK_INDEX MAC Block Index.; L2:DUMMY_INDEX   Dummy base field to line up with CLASS_ID overlay.; L2:RPE           If set, packet will be assigned internal priority from the PRI field.; L2:PRI           Internal Priority (Traffic class) associated with this MAC address. Only used if the RPE bit is set.; L2:PENDING       Indicates that the entry is pending validation from software.; L2:STATIC_BIT    Indicates entry is SW programmed and static.; L2:DST_DISCARD   Destination discard bit.; L2:CPU           Destination copy to cpu bit.; L2:SRC_DISCARD   Source discard bit.; L2:SCP           If set, packet source internal priority takes precendence over destination internal priority.; VLAN:KEY         Key for KEY_TYPE = 0.; VLAN:OVID        KEY TYPE 1 or 2: OVID.; VLAN:IVID        KEY TYPE 2: IVID.; VLAN:ASSOCIATED_DATA Entire associated data for KEY_TYPE = 0.; VLAN:DATA        Entire associated data for KEY_TYPE = 0.; VLAN:RESERVED_1  Reserved.; VLAN:DESTINATION_1 Destination fields for KEY_TYPE = 0, 1 and 2.; VLAN:VPG_1       Virtual port group if VPG_TYPE==1.; VLAN:TGID_1      Trunk id value if T==1.; VLAN:PORT_NUM_1  Port if trunk bit is not set and VPG_TYPE==0.; VLAN:MODULE_ID_1 Module id if trunk bit is not set and VPG_TYPE==0.; VLAN:REMOTE_TRUNK_1 When T==1, indicates entry was learned on higig port (pkt originally entered system on a remote module).; VLAN:DEST_TYPE_1 Indicates destination type.		    For VLAN-based keys:		    00 = {MODID, PORT} or L2MC_index		    01 = {'0', TGID} or L2MC_index		    10 = GPON DVPG		    11 = GPON Multicast (L3MC_index)		    		    For VFI-based keys:		    10 = VPLS DVP		    11 = VPLS Multicast (L3MC_index); VLAN:T_1         Indicates destination is a LAG.; VLAN:VPG_TYPE_1  Indicates destination is a Virtual Port Group.; VLAN:DESTINATION Destination fields for KEY_TYPE = 0, 1 and 2.; VLAN:VPG         Virtual port group if VPG_TYPE==1.; VLAN:TGID        Trunk id value if T==1.; VLAN:PORT_NUM    Port if trunk bit is not set and VPG_TYPE==0.; VLAN:MODULE_ID   Module id if trunk bit is not set and VPG_TYPE==0.; VLAN:REMOTE_TRUNK When T==1, indicates entry was learned on higig port (pkt originally entered system on a remote module).; VLAN:DEST_TYPE   Indicates destination type.		    For VLAN-based keys:		    00 = {MODID, PORT} or L2MC_index		    01 = {'0', TGID} or L2MC_index		    10 = GPON DVPG		    11 = GPON Multicast (L3MC_index)		    		    For VFI-based keys:		    10 = VPLS DVP		    11 = VPLS Multicast (L3MC_index); VLAN:T           Indicates destination is a LAG.; VLAN:VPG_TYPE    Indicates destination is a Virtual Port Group.; VLAN:CLASS_ID    L2 Classification id used for ingress FP.; VLAN:MAC_BLOCK_INDEX MAC Block Index.; VLAN:DUMMY_INDEX Dummy base field to line up with CLASS_ID overlay.; VLAN:RPE         If set, packet will be assigned internal priority from the PRI field.; VLAN:PRI         Internal Priority (Traffic class) associated with this MAC address. Only used if the RPE bit is set.; VLAN:PENDING     Indicates that the entry is pending validation from software.; VLAN:STATIC_BIT  Indicates entry is SW programmed and static.; VLAN:DST_DISCARD Destination discard bit.; VLAN:CPU         Destination copy to cpu bit.; VLAN:SRC_DISCARD Source discard bit.; VLAN:SCP         If set, packet source internal priority takes precendence over destination internal priority.; VIF:KEY          Key for KEY_TYPE = 4.; VIF:NAMESPACE    KEY TYPE 4: Ingress Ports associated Namespace from PORT_TABLE.; VIF:DST_VIF      KEY TYPE 4: The dst_vif field of the incoming packet's VNTAG.; VIF:P            KEY TYPE 4: The p field of the incoming packet's VNTAG.; VIF:ASSOCIATED_DATA Entire associated data for KEY_TYPE = 4.; VIF:DATA         Entire associated data for KEY_TYPE = 4.; VIF:RESERVED_0   Reserved.; VIF:DESTINATION  Destination fields for KEY_TYPE = 4.; VIF:L2MC_PTR     L2MC pointer if MAC_ADDR[40]==1.; VIF:VPG          Virtual port group if VPG_TYPE==1.; VIF:TGID         Trunk id value if T==1.; VIF:PORT_NUM     Port if trunk bit is not set and VPG_TYPE==0.; VIF:MODULE_ID    Module id if trunk bit is not set and VPG_TYPE==0.; VIF:REMOTE_TRUNK When T==1, indicates entry was learned on higig port (pkt originally entered system on a remote module).; VIF:DEST_TYPE    Indicates destination type.		    For VIF-based keys:		    00 = {MODID, PORT} or L2MC_index		    01 = {'0', TGID} or L2MC_index; VIF:T            Indicates destination is a LAG.; VIF:VPG_TYPE     Indicates destination is a Virtual Port Group.; VIF:CLASS_ID     L2 Classification id used for ingress FP.; VIF:MAC_BLOCK_INDEX MAC Block Index.; VIF:DUMMY_INDEX  Dummy base field to line up with CLASS_ID overlay.; VIF:RPE          If set, packet will be assigned internal priority from the PRI field.; VIF:PRI          Internal Priority (Traffic class) associated with this MAC address. Only used if the RPE bit is set.; VIF:PENDING      Indicates that the entry is pending validation from software.; VIF:STATIC_BIT   Indicates entry is SW programmed and static.; VIF:DST_DISCARD  Destination discard bit.; VIF:CPU          Destination copy to cpu bit.; VIF:SRC_DISCARD  Source discard bit.; VIF:SCP          If set, packet source internal priority takes precendence over destination internal priority.; TRILL_NONUC_ACCESS:KEY Key for KEY_TYPE = 5.; TRILL_NONUC_ACCESS:VLAN_ID KEY TYPE 5: VLAN ID.; TRILL_NONUC_ACCESS:MAC_ADDR KEY TYPE 5: MAC address.; TRILL_NONUC_ACCESS:ASSOCIATED_DATA Entire associated data for KEY_TYPE = 5.; TRILL_NONUC_ACCESS:DATA Entire associated data for KEY_TYPE = 5.; TRILL_NONUC_ACCESS:L3MC_PTR L3MC pointer.; TRILL_NONUC_ACCESS:DEST_TYPE Indicates destination type. Always set to 11 (L3MC_Index) for in this view.; TRILL_NONUC_ACCESS:CLASS_ID Classification id used for ingress FP.; TRILL_NONUC_ACCESS:MAC_BLOCK_INDEX MAC Block Index.; TRILL_NONUC_ACCESS:RPE If set, packet will be assigned internal priority from the PRI field.; TRILL_NONUC_ACCESS:PRI Internal Priority (Traffic class) associated with this MAC address. Only used if the RPE bit is set.; TRILL_NONUC_ACCESS:PENDING Indicates that the entry is pending validation from software.; TRILL_NONUC_ACCESS:STATIC_BIT Indicates entry is SW programmed and static.; TRILL_NONUC_ACCESS:DST_DISCARD Destination discard bit.; TRILL_NONUC_ACCESS:CPU Destination copy to cpu bit.; TRILL_NONUC_ACCESS:SRC_DISCARD Source discard bit.; TRILL_NONUC_ACCESS:SCP If set, packet source internal priority takes precendence over destination internal priority.; TRILL_NONUC_NETWORK_LONG:KEY Key for KEY_TYPE = 4.; TRILL_NONUC_NETWORK_LONG:VLAN_ID KEY TYPE 6: Inner L2 header's VLAN ID.; TRILL_NONUC_NETWORK_LONG:MAC_ADDRESS KEY TYPE 6: Inner L2 header's MACDA.; TRILL_NONUC_NETWORK_LONG:TREE_ID KEY TYPE 6: TREE_ID resulting from the Root RBridge Nickname lookup.; TRILL_NONUC_NETWORK_LONG:ASSOCIATED_DATA Entire associated data for KEY_TYPE = 6.; TRILL_NONUC_NETWORK_LONG:DATA Entire associated data for KEY_TYPE = 6.; TRILL_NONUC_NETWORK_LONG:L3MC_INDEX KEY TYPE 6: Replication group for this TREE_ID pruned for this VLAN_ID.; TRILL_NONUC_NETWORK_LONG:TRILL_ACCESS_RECEIVERS_PRESENT KEY TYPE 6: If set, indicates that there are receivers for this C-DA, C-VLAN in the local access domain, so the packet is looped back for local access domain forwarding.; TRILL_NONUC_NETWORK_LONG:DEST_TYPE KEY TYPE 6: Indicates contents of the DESTINATION field. Set to 11 to indicate that the destination is an L3MC index.; TRILL_NONUC_NETWORK_LONG:RESERVED_0 KEY TYPE 6: Reserved.; TRILL_NONUC_NETWORK_SHORT:KEY Key for KEY_TYPE = 4.; TRILL_NONUC_NETWORK_SHORT:VLAN_ID KEY TYPE 7: Inner L2 header's VLAN ID.; TRILL_NONUC_NETWORK_SHORT:TREE_ID KEY TYPE 7: TREE_ID resulting from the Root RBridge Nickname lookup.; TRILL_NONUC_NETWORK_SHORT:ASSOCIATED_DATA Entire associated data for KEY_TYPE = 7.; TRILL_NONUC_NETWORK_SHORT:DATA Entire associated data for KEY_TYPE = 7.; TRILL_NONUC_NETWORK_SHORT:RESERVED_0 KEY TYPE 7: Reserved.; TRILL_NONUC_NETWORK_SHORT:L3MC_INDEX KEY TYPE 7: Replication group for this TREE_ID pruned for this VLAN_ID.; TRILL_NONUC_NETWORK_SHORT:TRILL_ACCESS_RECEIVERS_PRESENT KEY TYPE 7: If set, indicates that there are receivers for this C-DA, C-VLAN in the local access domain, so the packet is looped back for local access domain forwarding.; TRILL_NONUC_NETWORK_SHORT:DEST_TYPE KEY TYPE 7: Indicates contents of the DESTINATION field. Set to 11 to indicate that the destination is an L3MC index.; TRILL_NONUC_NETWORK_SHORT:RESERVED_1 KEY TYPE 7: Reserved.; EVEN_PARITY      Even parity for the L2_ENTRY RAM fields (i.e. excludes HIT bits).; HITDA            Destination hit update bit.; HITSA            Source hit update bit.; LOCAL_SA         Source local update bit.; VALID            Indicates that the entry is valid.; LEGACY:KEY       Key for KEY_TYPE = 0.; KEY_TYPE         KEY: Key type.; LEGACY:OVID      KEY TYPE 1 or 2: Outer vlan id.; LEGACY:VLAN_ID   KEY TYPE 0: Vlan id.; LEGACY:VFI       KEY TYPE 3: Virtual Forwarding Instance.; LEGACY:MAC_ADDR  KEY TYPE 0: MAC address.; LEGACY:IVID      KEY TYPE 2: Inner vlan id.; LEGACY:RESERVED_1 Reserved.; LEGACY:DESTINATION_1 Destination fields for KEY_TYPE = 0, 1 and 2.; LEGACY:VPG_1     Virtual port group if VPG_TYPE==1.; LEGACY:TGID_1    Trunk id value if T==1.; LEGACY:PORT_NUM_1 Port if trunk bit is not set and VPG_TYPE==0.; LEGACY:MODULE_ID_1 Module id if trunk bit is not set and VPG_TYPE==0.; LEGACY:REMOTE_TRUNK_1 When T==1, indicates entry was learned on higig port (pkt originally entered system on a remote module).; LEGACY:DEST_TYPE_1 Indicates destination type.		    For VLAN-based keys:		    00 = {MODID, PORT} or L2MC_index		    01 = {'0', TGID} or L2MC_index		    10 = GPON DVPG		    11 = GPON Multicast (L3MC_index)		    		    For VFI-based keys:		    10 = VPLS DVP		    11 = VPLS Multicast (L3MC_index); LEGACY:T_1       Indicates destination is a LAG.; LEGACY:VPG_TYPE_1 Indicates destination is a Virtual Port Group.; LEGACY:ASSOCIATED_DATA Entire associated data for KEY_TYPE = 0.; LEGACY:DATA      Entire associated data for KEY_TYPE = 0.; LEGACY:DESTINATION Destination fields for KEY_TYPE = 0, 1 and 2.; LEGACY:L2MC_PTR  L2MC pointer if MAC_ADDR[40]==1.; LEGACY:VPG       Virtual port group if VPG_TYPE==1.; LEGACY:TGID      Trunk id value if T==1.; LEGACY:PORT_NUM  Port if trunk bit is not set and VPG_TYPE==0.; LEGACY:MODULE_ID Module id if trunk bit is not set and VPG_TYPE==0.; LEGACY:TRILL_NETWORK_RECEIVERS_PRESENT Indicates that the frame must be looped back for TRILL domain processing.; LEGACY:REMOTE_TRUNK When T==1, indicates entry was learned on higig port (pkt originally entered system on a remote module).; LEGACY:DEST_TYPE Indicates destination type.		    For VLAN-based keys:		    00 = {MODID, PORT} or L2MC_index		    01 = {'0', TGID} or L2MC_index		    10 = GPON DVPG		    11 = GPON Multicast (L3MC_index)		    		    For VFI-based keys:		    10 = VPLS DVP		    11 = VPLS Multicast (L3MC_index); LEGACY:T         Indicates destination is a LAG.; LEGACY:VPG_TYPE  Indicates destination is a Virtual Port Group.; LEGACY:CLASS_ID  L2 Classification id used for ingress FP.; LEGACY:MAC_BLOCK_INDEX MAC Block Index.; LEGACY:DUMMY_INDEX Dummy base field to line up with CLASS_ID overlay.; LEGACY:RPE       If set, packet will be assigned internal priority from the PRI field.; LEGACY:PRI       Internal Priority (Traffic class) associated with this MAC address. Only used if the RPE bit is set.; LEGACY:PENDING   Indicates that the entry is pending validation from software.; LEGACY:STATIC_BIT Indicates entry is SW programmed and static.; LEGACY:DST_DISCARD Destination discard bit.; LEGACY:CPU       Destination copy to cpu bit.; LEGACY:SRC_DISCARD Source discard bit.; LEGACY:SCP       If set, packet source internal priority takes precendence over destination internal priority.; L2:KEY           Key for KEY_TYPE = 0.; L2:VLAN_ID       KEY TYPE 0: Vlan id.; L2:VFI           KEY TYPE 3: VFI.; L2:MAC_ADDR      KEY TYPE 0: MAC address.; L2:ASSOCIATED_DATA Entire associated data for KEY_TYPE = 0.; L2:DATA          Entire associated data for KEY_TYPE = 0.; L2:DESTINATION   Destination fields for KEY_TYPE = 0, 1 and 2.; L2:L2MC_PTR      L2MC pointer if MAC_ADDR[40]==1.; L2:VPG           Virtual port group if VPG_TYPE==1.; L2:TGID          Trunk id value if trunk bit is set.; L2:PORT_NUM      Port if trunk bit is not set and VPG_TYPE==0.; L2:MODULE_ID     Module id if trunk bit is not set and VPG_TYPE==0.; L2:TRILL_NETWORK_RECEIVERS_PRESENT Indicates that the frame must be looped back for TRILL domain processing.; L2:REMOTE_TRUNK  When T==1, indicates entry was learned on higig port (pkt originally entered system on a remote module).; L2:DEST_TYPE     Indicates destination type.		    For VLAN-based keys:		    00 = {MODID, PORT} or L2MC_index		    01 = {'0', TGID} or L2MC_index		    10 = GPON DVPG		    11 = GPON Multicast (L3MC_index)		    		    For VFI-based keys:		    10 = VPLS DVP		    11 = VPLS Multicast (L3MC_index); L2:T             Indicates destination is a LAG.; L2:VPG_TYPE      Indicates destination is a Virtual Port Group.; L2:CLASS_ID      L2 Classification id used for ingress FP.; L2:MAC_BLOCK_INDEX MAC Block Index.; L2:DUMMY_INDEX   Dummy base field to line up with CLASS_ID overlay.; L2:RPE           If set, packet will be assigned internal priority from the PRI field.; L2:PRI           Internal Priority (Traffic class) associated with this MAC address. Only used if the RPE bit is set.; L2:PENDING       Indicates that the entry is pending validation from software.; L2:STATIC_BIT    Indicates entry is SW programmed and static.; L2:DST_DISCARD   Destination discard bit.; L2:CPU           Destination copy to cpu bit.; L2:SRC_DISCARD   Source discard bit.; L2:SCP           If set, packet source internal priority takes precendence over destination internal priority.; VLAN:KEY         Key for KEY_TYPE = 0.; VLAN:OVID        KEY TYPE 1 or 2: OVID.; VLAN:IVID        KEY TYPE 2: IVID.; VLAN:ASSOCIATED_DATA Entire associated data for KEY_TYPE = 0.; VLAN:DATA        Entire associated data for KEY_TYPE = 0.; VLAN:RESERVED_1  Reserved.; VLAN:DESTINATION_1 Destination fields for KEY_TYPE = 0, 1 and 2.; VLAN:VPG_1       Virtual port group if VPG_TYPE==1.; VLAN:TGID_1      Trunk id value if T==1.; VLAN:PORT_NUM_1  Port if trunk bit is not set and VPG_TYPE==0.; VLAN:MODULE_ID_1 Module id if trunk bit is not set and VPG_TYPE==0.; VLAN:REMOTE_TRUNK_1 When T==1, indicates entry was learned on higig port (pkt originally entered system on a remote module).; VLAN:DEST_TYPE_1 Indicates destination type.		    For VLAN-based keys:		    00 = {MODID, PORT} or L2MC_index		    01 = {'0', TGID} or L2MC_index		    10 = GPON DVPG		    11 = GPON Multicast (L3MC_index)		    		    For VFI-based keys:		    10 = VPLS DVP		    11 = VPLS Multicast (L3MC_index); VLAN:T_1         Indicates destination is a LAG.; VLAN:VPG_TYPE_1  Indicates destination is a Virtual Port Group.; VLAN:DESTINATION Destination fields for KEY_TYPE = 0, 1 and 2.; VLAN:VPG         Virtual port group if VPG_TYPE==1.; VLAN:TGID        Trunk id value if T==1.; VLAN:PORT_NUM    Port if trunk bit is not set and VPG_TYPE==0.; VLAN:MODULE_ID   Module id if trunk bit is not set and VPG_TYPE==0.; VLAN:REMOTE_TRUNK When T==1, indicates entry was learned on higig port (pkt originally entered system on a remote module).; VLAN:DEST_TYPE   Indicates destination type.		    For VLAN-based keys:		    00 = {MODID, PORT} or L2MC_index		    01 = {'0', TGID} or L2MC_index		    10 = GPON DVPG		    11 = GPON Multicast (L3MC_index)		    		    For VFI-based keys:		    10 = VPLS DVP		    11 = VPLS Multicast (L3MC_index); VLAN:T           Indicates destination is a LAG.; VLAN:VPG_TYPE    Indicates destination is a Virtual Port Group.; VLAN:CLASS_ID    L2 Classification id used for ingress FP.; VLAN:MAC_BLOCK_INDEX MAC Block Index.; VLAN:DUMMY_INDEX Dummy base field to line up with CLASS_ID overlay.; VLAN:RPE         If set, packet will be assigned internal priority from the PRI field.; VLAN:PRI         Internal Priority (Traffic class) associated with this MAC address. Only used if the RPE bit is set.; VLAN:PENDING     Indicates that the entry is pending validation from software.; VLAN:STATIC_BIT  Indicates entry is SW programmed and static.; VLAN:DST_DISCARD Destination discard bit.; VLAN:CPU         Destination copy to cpu bit.; VLAN:SRC_DISCARD Source discard bit.; VLAN:SCP         If set, packet source internal priority takes precendence over destination internal priority.; VIF:KEY          Key for KEY_TYPE = 4.; VIF:NAMESPACE    KEY TYPE 4: Ingress Ports associated Namespace from PORT_TABLE.; VIF:DST_VIF      KEY TYPE 4: The dst_vif field of the incoming packet's VNTAG.; VIF:P            KEY TYPE 4: The p field of the incoming packet's VNTAG.; VIF:ASSOCIATED_DATA Entire associated data for KEY_TYPE = 4.; VIF:DATA         Entire associated data for KEY_TYPE = 4.; VIF:RESERVED_0   Reserved.; VIF:DESTINATION  Destination fields for KEY_TYPE = 4.; VIF:L2MC_PTR     L2MC pointer if MAC_ADDR[40]==1.; VIF:VPG          Virtual port group if VPG_TYPE==1.; VIF:TGID         Trunk id value if T==1.; VIF:PORT_NUM     Port if trunk bit is not set and VPG_TYPE==0.; VIF:MODULE_ID    Module id if trunk bit is not set and VPG_TYPE==0.; VIF:REMOTE_TRUNK When T==1, indicates entry was learned on higig port (pkt originally entered system on a remote module).; VIF:DEST_TYPE    Indicates destination type.		    For VIF-based keys:		    00 = {MODID, PORT} or L2MC_index		    01 = {'0', TGID} or L2MC_index; VIF:T            Indicates destination is a LAG.; VIF:VPG_TYPE     Indicates destination is a Virtual Port Group.; VIF:CLASS_ID     L2 Classification id used for ingress FP.; VIF:MAC_BLOCK_INDEX MAC Block Index.; VIF:DUMMY_INDEX  Dummy base field to line up with CLASS_ID overlay.; VIF:RPE          If set, packet will be assigned internal priority from the PRI field.; VIF:PRI          Internal Priority (Traffic class) associated with this MAC address. Only used if the RPE bit is set.; VIF:PENDING      Indicates that the entry is pending validation from software.; VIF:STATIC_BIT   Indicates entry is SW programmed and static.; VIF:DST_DISCARD  Destination discard bit.; VIF:CPU          Destination copy to cpu bit.; VIF:SRC_DISCARD  Source discard bit.; VIF:SCP          If set, packet source internal priority takes precendence over destination internal priority.; TRILL_NONUC_ACCESS:KEY Key for KEY_TYPE = 5.; TRILL_NONUC_ACCESS:VLAN_ID KEY TYPE 5: VLAN ID.; TRILL_NONUC_ACCESS:MAC_ADDR KEY TYPE 5: MAC address.; TRILL_NONUC_ACCESS:ASSOCIATED_DATA Entire associated data for KEY_TYPE = 5.; TRILL_NONUC_ACCESS:DATA Entire associated data for KEY_TYPE = 5.; TRILL_NONUC_ACCESS:L3MC_PTR L3MC pointer.; TRILL_NONUC_ACCESS:DEST_TYPE Indicates destination type. Always set to 11 (L3MC_Index) for in this view.; TRILL_NONUC_ACCESS:CLASS_ID Classification id used for ingress FP.; TRILL_NONUC_ACCESS:MAC_BLOCK_INDEX MAC Block Index.; TRILL_NONUC_ACCESS:RPE If set, packet will be assigned internal priority from the PRI field.; TRILL_NONUC_ACCESS:PRI Internal Priority (Traffic class) associated with this MAC address. Only used if the RPE bit is set.; TRILL_NONUC_ACCESS:PENDING Indicates that the entry is pending validation from software.; TRILL_NONUC_ACCESS:STATIC_BIT Indicates entry is SW programmed and static.; TRILL_NONUC_ACCESS:DST_DISCARD Destination discard bit.; TRILL_NONUC_ACCESS:CPU Destination copy to cpu bit.; TRILL_NONUC_ACCESS:SRC_DISCARD Source discard bit.; TRILL_NONUC_ACCESS:SCP If set, packet source internal priority takes precendence over destination internal priority.; TRILL_NONUC_NETWORK_LONG:KEY Key for KEY_TYPE = 4.; TRILL_NONUC_NETWORK_LONG:VLAN_ID KEY TYPE 6: Inner L2 header's VLAN ID.; TRILL_NONUC_NETWORK_LONG:MAC_ADDRESS KEY TYPE 6: Inner L2 header's MACDA.; TRILL_NONUC_NETWORK_LONG:TREE_ID KEY TYPE 6: TREE_ID resulting from the Root RBridge Nickname lookup.; TRILL_NONUC_NETWORK_LONG:ASSOCIATED_DATA Entire associated data for KEY_TYPE = 6.; TRILL_NONUC_NETWORK_LONG:DATA Entire associated data for KEY_TYPE = 6.; TRILL_NONUC_NETWORK_LONG:L3MC_INDEX KEY TYPE 6: Replication group for this TREE_ID pruned for this VLAN_ID.; TRILL_NONUC_NETWORK_LONG:TRILL_ACCESS_RECEIVERS_PRESENT KEY TYPE 6: If set, indicates that there are receivers for this C-DA, C-VLAN in the local access domain, so the packet is looped back for local access domain forwarding.; TRILL_NONUC_NETWORK_LONG:DEST_TYPE KEY TYPE 6: Indicates contents of the DESTINATION field. Set to 11 to indicate that the destination is an L3MC index.; TRILL_NONUC_NETWORK_LONG:RESERVED_0 KEY TYPE 6: Reserved.; TRILL_NONUC_NETWORK_SHORT:KEY Key for KEY_TYPE = 4.; TRILL_NONUC_NETWORK_SHORT:VLAN_ID KEY TYPE 7: Inner L2 header's VLAN ID.; TRILL_NONUC_NETWORK_SHORT:TREE_ID KEY TYPE 7: TREE_ID resulting from the Root RBridge Nickname lookup.; TRILL_NONUC_NETWORK_SHORT:ASSOCIATED_DATA Entire associated data for KEY_TYPE = 7.; TRILL_NONUC_NETWORK_SHORT:DATA Entire associated data for KEY_TYPE = 7.; TRILL_NONUC_NETWORK_SHORT:RESERVED_0 KEY TYPE 7: Reserved.; TRILL_NONUC_NETWORK_SHORT:L3MC_INDEX KEY TYPE 7: Replication group for this TREE_ID pruned for this VLAN_ID.; TRILL_NONUC_NETWORK_SHORT:TRILL_ACCESS_RECEIVERS_PRESENT KEY TYPE 7: If set, indicates that there are receivers for this C-DA, C-VLAN in the local access domain, so the packet is looped back for local access domain forwarding.; TRILL_NONUC_NETWORK_SHORT:DEST_TYPE KEY TYPE 7: Indicates contents of the DESTINATION field. Set to 11 to indicate that the destination is an L3MC index.; TRILL_NONUC_NETWORK_SHORT:RESERVED_1 KEY TYPE 7: Reserved.; EVEN_PARITY      Even parity for the L2_ENTRY RAM fields (i.e. excludes HIT bits).; HITDA            Destination hit update bit.; HITSA            Source hit update bit.; LOCAL_SA         Source local update bit.",1,0x0000001b,no,unknown,0x00180305
L2_ENTRY_PARITY_CONTROL,IPIPE,"L2_ENTRY_PARITY_CONTROL, FeatureSpecific-Ethernet",PARITY_EN        This bit enables parity checking for the L2_ENTRY table.,1,0x00000001,no,low (parity init),0x06180d1e
L2_LEARN_CONTROL,IPIPE,FIFO for operations that MODify the L2_ENTRY table. FeatureSpecific-Ethernet.,"L2_RECORD_OVERFLOW_ENABLE If set, then record overflow events to the L2_MOD_FIFO.; NOCOPY_ON_OVERFLOW If set, then override the CML copy_to_cpu action for packet's with SA miss or SA station move when the bucket is full.; OPERATION        Operation type.; RESERVED_0       Reserved.; ENTRY_INDEX      Index to the entry of the L2_ENTRY table effected.; BUCKET_INDEX     Index to the bucket of the L2_ENTRY table effected.; L2_ENTRY_DATA    L2_ENTRY data as specified in L2_ENTRY.; REPLACED_ASSOC_DATA If a station move occured, this field contains the old associated data (bits 63 thru 101 in L2_ENTRY). Only valid if STATION_MOVE is 1.; STATION_MOVE     Only valid if OPERATION is L2_INSERT or LEARN.; EVEN_PARITY      Even parity for the  L2_MOD_FIFO RAM.",1,0x00000001,no,unknown,0x06180617
L2_MOD_FIFO_PARITY_CONTROL,IPIPE,L2_MOD_FIFO_PARITY_CONTROL,PARITY_EN        This bit enables parity checking for the L2_MOD_FIFO table.,1,0x00000001,no,low (parity init),0x06180d26
L2_MOD_FIFO_RD_PTR,IPIPE,"L2_MOD_FIFO_RD_PTR, FeatureSpecific-Ethernet",PTR              The actual hardware L2 Mod fifo read pointer. MSB is used by HW to detect fifo full.,1,0x00000004,no,unknown,0x06180d2b
L2_MOD_FIFO_WR_PTR,IPIPE,Combined L2_ENTRY TCAM/Data RAM for guaranteed L2 entries and BPDUs. FeatureSpecific-Ethernet.,"PTR              The actual hardware L2 Mod fifo write pointer. MSB is used by HW to detect fifo full.; VALID            Indicates that the entry is valid.; KEY              Key overlay.; MAC_ADDR         MAC address.; VLAN_ID          VLAN ID.; KEY_TYPE         Key Type - VLAN-based(0) or VFI-based(1).; MASK             Mask for the {KEY_TYPE, VLAN_ID, MAC_ADDR}.; PRI              L2 entry priority.; L3               Indicates an L3 entry.; RPE              If set, packet will be assigned internal priority from the PRI field.; CPU              CPU destination bit.; DST_DISCARD      Destination discard.; TGID             Trunk id value if trunk bit set.; PORT_NUM         Port if destination is not a trunk.; MODULE_ID        Module id if destination is not a trunk.; T                Trunk (LAG) indication.; DO_NOT_LEARN_MACSA If set to 1, destination hits in the L2_USER_ENTRY will not learn their MACSA.; CLASS_ID         L2 Destination Class id for IFP keys.; BPDU             Indicates entry is a BPDU.; L2_PROTOCOL_PKT  When configured as a per-VFI L2_USER_ENTRY TCAM entry, this bit indicates the packet that matched L2 protocol packet.; EVEN_PARITY      Even parity for the  L2_USER_ENTRY_DATA RAM.",1,0x00000004,no,unknown,0x06180d2c
L2_USER_ENTRY_CAM_DBGCTRL,IPIPE,"L2_USER_ENTRY_CAM_CONTROL, FeatureSpecific-Ethernet",TM               TM debug bits; BLKSEL           BLKSEL bits,1,0x0003c000,no,low (statistics),0x06180d02
L2_USER_ENTRY_DATA_PARITY_CONTROL,IPIPE,L2_USER_ENTRY_DATA_PARITY_CONTROL,PARITY_EN        This bit enables parity checking for the L2_USER_ENTRY_DATA table.,1,0x00000001,no,low (parity init),0x06180d23
L3_AUX_HASH_CONTROL,IPIPE,L3 Default IP Route (LPM) TCAM view with data and hit bits. FeatureSpecific-Ethernet.,"INSERT_LEAST_FULL_HALF Insert entry into the least full half of the hash location if 1.; HASH_SELECT      Selects one of the standard hashing modes.; ENABLE           This bit enables dual hashing (if == 1) for the L3_ENTRY table.; VALID0           Indicates half-entry 0 is valid.; VALID1           Indicates half-entry 1 is valid.; KEY0             Key overlay.; MODE0            Indicates contents of half-entry 0; 0=IPv4, 1=IPv6.; IP_ADDR0         IP address bits for half-entry 0.; VRF_ID_0         VRF id for L3 routing lookups.; RESERVED_5       Reserved.; KEY1             Key overlay.; MODE1            Indicates contents of half-entry 1; 0=IPv4, 1=IPv6.; IP_ADDR1         IP address bits for half-entry 1.; VRF_ID_1         VRF id for L3 routing lookups.; RESERVED_4       Reserved.; MASK0            Subnet mask for half-entry 0, Mask covers {vrf_id, ip_addr, mode} in that order.; MODE_MASK0       Mode portion of MASK0.; IP_ADDR_MASK0    IP addr portion OF MASK0.; VRF_ID_MASK0     VRF portion of MASK0.; RESERVED_3       Reserved.; MASK1            Subnet mask for half-entry 1, Mask covers {vrf_id, ip_addr, mode} in that order.; MODE_MASK1       Mode portion of MASK1.; IP_ADDR_MASK1    IP addr portion of MASK1.; VRF_ID_MASK1     VRF portion of MASK1.; RESERVED_2       Reserved.; ECMP1            Indicates if route for half-entry 1 uses ECMP.; NEXT_HOP_INDEX1  Next Hop Ptr, only valid for non ECMP routes.; ECMP_PTR1        Ptr to ECMP group within ECMP table for half-entry 1.; ECMP_UNUSED1     Unused bits when ECMP1==1.; RESERVED_1       Reserved.; PRI1             Priority for half-entry 1.; DEFAULTROUTE1    When entry is configured for SIP lookup (L3_DEFIP_RPF_CONTROL.DEFIP_RPF_ENABLE=1), indicates if this SIP address is a default route.; RPE1             RPE bit for half-entry 1.; DST_DISCARD1     Discard pkt on L3 DEFIP hit.; SRC_DISCARD1     When entry is configured for SIP lookup (L3_DEFIP_RPF_CONTROL.DEFIP_RPF_ENABLE=1), provides option to drop based on SIP lookup in DEFIP table.; CLASS_ID1        L3 Classification id used for ingress FP.; GLOBAL_ROUTE1    Indicates this is a global route.; ECMP0            Indicates if route for half-entry 0 uses ECMP.; NEXT_HOP_INDEX0  Next Hop Ptr, only valid for non ECMP routes.; ECMP_PTR0        Ptr to ECMP group within ECMP table for half-entry 0.; ECMP_UNUSED0     Unused bits when ECMP0==1.; RESERVED_0       Reserved.; PRI0             Priority for half-entry 0.; DEFAULTROUTE0    When entry is configured for SIP lookup (L3_DEFIP_RPF_CONTROL.DEFIP_RPF_ENABLE=1), indicates if this SIP address is a default route.; RPE0             RPE bit for half-entry 0.; DST_DISCARD0     Discard pkt on L3 DEFIP hit.; SRC_DISCARD0     When entry is configured for SIP lookup (L3_DEFIP_RPF_CONTROL.DEFIP_RPF_ENABLE=1), provides option to drop based on SIP lookup in DEFIP table.; CLASS_ID0        L3 Classification id used for ingress FP.; GLOBAL_ROUTE0    Indicates this is a global route.; EVEN_PARITY      Even parity for the L3_DEFIP RAM fields.; HIT0             Hit bit for half-entry 0.; HIT1             Hit bit for half-entry 1.; VALID_0          Indicates entry is valid.; VALID_1          Indicates entry is valid.; KEY              Key overlay.; IP_ADDR          IP address bits for entry.; VRF_ID           VRF id for L3 routing lookups.; RESERVED_2       VRF id for L3 routing lookups.; MASK             Subnet mask for entry.; IP_ADDR_MASK     Subnet mask for IPv6 address.; VRF_ID_MASK      Vrf mask.; RESERVED_1       VRF id for L3 routing lookups.; ECMP             Indicates if route uses ECMP.; NEXT_HOP_INDEX   Next Hop Ptr, only valid for non ECMP routes.; ECMP_PTR         Ptr to ECMP group within ECMP table.; ECMP_UNUSED      Unused bits when ECMP0==1.; RESERVED_0       Reserved.; PRI              Priority.; DEFAULTROUTE     When entry is configured for SIP lookup (L3_DEFIP_RPF_CONTROL.DEFIP_RPF_ENABLE=1), indicates if this SIP address is a default route.; RPE              RPE bit.; DST_DISCARD      Discard pkt on L3 DEFIP hit.; SRC_DISCARD      When entry is configured for SIP lookup (L3_DEFIP_RPF_CONTROL.DEFIP_RPF_ENABLE=1), provides option to drop based on SIP lookup in DEFIP table.; CLASS_ID         L3 Classification id used for ingress FP.; GLOBAL_ROUTE     Indicates this is a global route.; EVEN_PARITY      Even parity for the L3_DEFIP_128 RAM fields.; HIT              Hit bit.",1,0x00000015,no,medium (QoS / hash),0x09180600
L3_DEFIP_128_CAM_ENABLE,IPIPE,"L3_DEFIP_128_CAM_ENABLE, FeatureSpecific-Ethernet",CAM_0_ENABLE     L3_DEFIP_128_CAM_ENABLE FOR L3_DEFIP_128 SLICE 0; CAM_1_ENABLE     L3_DEFIP_128_CAM_ENABLE FOR L3_DEFIP_128 SLICE 1,1,0x00000003,no,unknown,0x0a180d0d
L3_DEFIP_128_DATA_PARITY_CONTROL,IPIPE,"L3_DEFIP_128_DATA_PARITY_CONTROL, FeatureSpecific-Ethernet",PARITY_EN        This bit enables parity checking for the L3_DEFIP table.,1,0x00000001,no,low (parity init),0x0a180d15
L3_DEFIP_DATA_PARITY_CONTROL,IPIPE,"L3_DEFIP_DATA_PARITY_CONTROL, FeatureSpecific-Ethernet",PARITY_EN        This bit enables parity checking for the L3_DEFIP table.,1,0x00000001,no,low (parity init),0x0a180d12
L3_ECMP_GROUP_PARITY_CONTROL,IPIPE,"L3_ECMP_GROUP_PARITY_CONTROL, FeatureSpecific-Ethernet",PARITY_EN        This bit enables parity checking for the L3_IPMC table.,1,0x00000001,no,low (parity init),0x0e180d0f
L3_ECMP_PARITY_CONTROL,IPIPE,"L3_ECMP_PARITY_CONTROL, FeatureSpecific-Ethernet",PARITY_EN        This bit enables parity checking for the L3_IPMC table.,1,0x00000001,no,low (parity init),0x0e180d12
L3_ENTRY_PARITY_CONTROL,IPIPE,"L3_ENTRY_PARITY_CONTROL, FeatureSpecific-Ethernet",PARITY_EN        This bit enables parity checking for the L3_ENTRY table.,1,0x00000001,no,low (parity init),0x09180d07
L3_IIF_PARITY_CONTROL,IPIPE,"L3_IIF_PARITY_CONTROL, FeatureSpecific-Ethernet",PARITY_EN        This bit enables parity checking for the L3_IIF table.,1,0x00000001,no,low (parity init),0x05180d0f
L3_IPMC_1_PARITY_CONTROL,IPIPE,"L3_IPMC_1_PARITY_CONTROL, FeatureSpecific-Ethernet",PARITY_EN        This bit enables parity checking for the L3_IPMC_1 table.,1,0x00000001,no,low (parity init),0x0b180d1d
L3_IPMC_PARITY_CONTROL,IPIPE,"L3_IPMC_PARITY_CONTROL, FeatureSpecific-Ethernet",PARITY_EN        This bit enables parity checking for the L3_IPMC table.,1,0x00000001,no,low (parity init),0x0e180d09
L3_IPMC_REMAP_PARITY_CONTROL,IPIPE,"L3_IPMC_REMAP_PARITY_CONTROL, FeatureSpecific-Ethernet",PARITY_EN        This bit enables parity checking for the L3_IPMC table.,1,0x00000001,no,low (parity init),0x0e180d0c
L3_MTU_VALUES_PARITY_CONTROL,IPIPE,"Parity Controls for L3_MTU_VALUES, FeatureSpecific-Ethernet",PARITY_EN        This bit enables parity checking for the L3_MTU_VALUES table.,1,0x00000001,no,low (parity init),0x0f180d06
L3_TUNNEL_PARITY_CONTROL,IPIPE,L3_TUNNEL_PARITY_CONTROL,PARITY_EN        This bit enables parity checking for the L3_TUNNEL table.,1,0x00000001,no,low (parity init),0x02180d15
LAG_FAILOVER_CONFIG,XLPORT0 XLPORT1 XLPORT2 XLPORT3 XLPORT4 XLPORT5 XLPORT6 XLPORT7 XLPORT8 XLPORT9 XLPORT10 XLPORT11 XLPORT12 XLPORT13 XLPORT14 XLPORT15 XLPORT16 XLPORT17,XLPORT LAG Failover Loopback Config,"LINK_STATUS_UP   Software controlled Link up Status.; LAG_FAILOVER_EN  Enable LAG Failover Loopback.; REMOVE_FAILOVER_LPBK Remove port from Loopback.; MMUBKP_LOOPBACK_EN Enable loopback of mmu_bkp messages in xport-mode. In gport-mode, the lagfail logic enforces xon/xoff.",52,0x00000008,no,unknown,0x00500224
LOCAL_SW_DISABLE_DEFAULT_PBM_MIRR_PARITY_CONTROL,IPIPE,"Parity Control for LOCAL_SW_DISABLE_DEFAULT_PBM_MIRR table, FeatureSpecific-Ethernet",PARITY_EN        This bit enables parity checking for the LOCAL_SW_DISABLE_DEFAULT_PBM_MIRR table.,1,0x00000001,no,low (parity init),0x0f180d55
LOCAL_SW_DISABLE_DEFAULT_PBM_PARITY_CONTROL,IPIPE,"Parity Control for LOCAL_SW_DISABLE_DEFAULT_PBM table, FeatureSpecific-Ethernet",PARITY_EN        This bit enables parity checking for the LOCAL_SW_DISABLE_DEFAULT_PBM table.,1,0x00000001,no,low (parity init),0x0f180d52
LPORT_ECC_CONTROL,IPIPE,LPORT_ECC_CONTROL,ECC_EN           This bit enables ecc checking for the LPORT table.,1,0x00000001,no,low (parity init),0x02180d1b
MAC_0,XLPORT0 XLPORT1 XLPORT2 XLPORT3 XLPORT4 XLPORT5 XLPORT6 XLPORT7 XLPORT8 XLPORT9 XLPORT10 XLPORT11 XLPORT12 XLPORT13 XLPORT14 XLPORT15 XLPORT16 XLPORT17,MAC Address 32-Bit Word 0. Core MAC address bit 47 to 16.,"MAC_ADDR0        Register Bit 0 refers to Bit 16 of the MAC address, Bit 1 refers to bit 17 of the MAC address etc.",52,0x80a23581,no,unknown,0x00500503
MAC_1,IPIPE,MAC Block Mask Table.,"MAC_ADDR1        Register Bit 0 refers to Bit 0 of the MAC address, Bit 1 refers to bit 1 of the MAC address etc.Bits 16 to 31 are reserved.; MAC_BLOCK_MASK   MAC block mask.; MAC_BLOCK_MASK_W0 Overlay for bits [31:0].; MAC_BLOCK_MASK_W1 Overlay for bits [31:0].; MAC_BLOCK_MASK_W2 Overlay for bits [31:0].; EVEN_PARITY      Even parity.",52,0x0000caaf,no,unknown,0x00500504
MAC_BLOCK_TABLE_PARITY_CONTROL,IPIPE,"Parity Control for MAC_BLOCK_TABLE table, FeatureSpecific-Ethernet",PARITY_EN        This bit enables parity checking for the MAC_BLOCK_TABLE table.,1,0x00000001,no,low (parity init),0x0f180d3a
MAC_MODE,XLPORT0 XLPORT1 XLPORT2 XLPORT3 XLPORT4 XLPORT5 XLPORT6 XLPORT7 XLPORT8 XLPORT9 XLPORT10 XLPORT11 XLPORT12 XLPORT13 XLPORT14 XLPORT15 XLPORT16 XLPORT17,"MAC Mode. MAC Speed and Duplex Mode configuration from register COMMAND_CONFIG, when ENA_EXT_CONFIG is set to '0' or from signals set_speed(1:0), set_duplex, tx_pause_en, rx_pause_en and sync_reset.","MAC_SPEED        MAC Speed. 00: 10Mbps Ethernet Mode enabled01: 100Mbps Ethernet Mode enabled10: Gigabit Ethernet Mode enabled11: 2.5Gigabit Ethernet Mode enabled; MAC_DUPLEX       MAC Duplex. 0: Full Duplex Mode enabled1: Half Duplex Mode enabled; MAC_RX_PAUSE     MAC Pause Enabled in Receive. 0: MAC Pause Disabled in Receive1: MAC Pause Enabled in Receive; MAC_TX_PAUSE     MAC Pause Enabled in Transmit.                0: MAC Pause Disabled in Transmit1: MAC Pause Enabled in Transmit; LINK_STATUS      Link Status Indication. Set to '0', when link_status input is low.Set to '1', when link_status input is High.",52,0x00000022,no,unknown,0x00500511
MAC_PFC_REFRESH_CTRL,XLPORT0 XLPORT1 XLPORT2 XLPORT3 XLPORT4 XLPORT5 XLPORT6 XLPORT7 XLPORT8 XLPORT9 XLPORT10 XLPORT11 XLPORT12 XLPORT13 XLPORT14 XLPORT15 XLPORT16 XLPORT17,PPP refresh control register,"PFC_REFRESH_EN   Enables the PPP refresh functionality on the Tx side. When enabled, the MAC sends xoff on refresh counter becoming 0; PFC_REFRESH_TIMER PPP refresh counter value.",52,0xc0000001,no,unknown,0x005005d1
MAC_RSV_MASK,XLPORT0 XLPORT1 XLPORT2 XLPORT3 XLPORT4 XLPORT5 XLPORT6 XLPORT7 XLPORT8 XLPORT9 XLPORT10 XLPORT11 XLPORT12 XLPORT13 XLPORT14 XLPORT15 XLPORT16 XLPORT17,MAC RSV MASK Register,"MASK             Control which RSV event cause ""purge"" event that triggers RXERR to be set for the packet by the MAC.Valid for either XMAC or UniMAC.  Drives r_gport_rsv_mask[17:0] for UniMAC and rsv_err_mask[19:0] for XMAC.These bits are used to mask RSV[35:16] for XMAC.These bits are used to mask RSV[33:16] for UniMAC.Note certain bits are different between UniMAC and XMAC.  Below is one snapshot of how MASK bits are mapped to each MAC.  Please refer to XMAC/UniMAC specs for latest RSV bit definitions.bit[19] masks RSV[35] ==> Only XMAC  : SCH CRC Error detectedbit[18] masks RSV[34] ==> Only XMAC  : PFC frame detectedbit[17] masks RSV[33] --> Both MAC's : RUNT detectedbit[16] masks RSV[32] ==>  XMAC : RX FIFO full;     UniMAC : Frame trucatedbit[15] masks RSV[31] --> Both MAC's : Unicast detectedbit[14] masks RSV[30] --> Both MAC's : VLAN tag detectedbit[13] masks RSV[29] --> Both MAC's : Unsupported opcode detectedbit[12] masks RSV[28] --> Both MAC's : Pause frame receivedbit[11] masks RSV[27] --> Both MAC's : Control frame receivedbit[10] masks RSV[26] ==> XMAC : Promiscuous packet detected; UniMAC : Dribble Nibble detected in FE modebit[ 9] masks RSV[25] --> Both MAC's : Broadcast detectedbit[ 8] masks RSV[24] --> Both MAC's : Multicast detectedbit[ 7] masks RSV[23] --> Both MAC's : Receive OKbit[ 6] masks RSV[22] --> Both MAC's : Truncated/Frame out of Rangebit[ 5] masks RSV[21] --> Both MAC's : Frame length not out of range, but incorrect -- IEEE length check failedbit[ 4] masks RSV[20] --> Both MAC's : CRC errorbit[ 3] masks RSV[19] --> Both MAC's : Receive terminate/code errorbit[ 2] masks RSV[18] ==> XMAC : Unsupported DA for pause/PFC packets detected; UniMAC : Carrier Eventbit[ 1] masks RSV[17] --> Both MAC's : Stack VLAN detectedbit[ 0] masks RSV[16] ==> XMAC : WRong SA; UniMAC : Packet Skipped event",52,0x00000018,yes,medium (diag/counter),0x00500221
MAXBUCKETCONFIG_64,MMU,"normal port, 10uc comes first then 5 mc;   or those special ports,  it is 64 extended queue first, then 10 uc then 5 mc;   for loopback port, it is only 5","MAX_THD          Threshold determines the size of Minimum Bucket. This Threshold setting is not related to actual bandwidth rate number.When ITU mode is not enabled,The Bucket size is determined by the formula,BucketSize = MIN_THD_SEL * Bucket_Size_Granularity Min Bucket function is disabled when bucket size is 0.When ITU mode is enabled,Threshold is divided into two fields.W1 = MIN_THD_SEL[11:8]W2 = MIN_THD_SEL[7:0]The Bucket size is determined by the formula,BucketSize = 2^(W1) * (1 + W2/256) * Bucket_Size_GranularityThe stepsize varies as a function of the specific bucket sizerange. For example when METER_GRAN = 3, the next bucket size up from 4096 bytesis 4112 bytes (stepsize of 16 bytes). In constrast, the next bucket size up from 1024*1024 bytes is 1028*1024 (step size of 4096 bytes). This provides for an accuracyof a bucket size of at least 0.39%. Min Bucket function is disabled when bucket size is 0.NOTE: there is a minimum value for THD based on refresh time: 7.8125 us and requested BW:For 10 Gb/s, minimum thd = 10Gb/s * 7812.5ns / 8bit/byte = app 10kbyte.; METER_GRAN       In bandwidth-shaping mode,meter_gran   Bucket_Count granularity   Bucket_Size granularity        0          1/256 of a byte              256 bytes        1          1/128 of a byte                512 bytes        2          1/64 of a byte                1K bytes        3          1/32 of a byte                2K bytes        4          1/16 of a byte                 4K bytes        5          1/8 of a byte                8k bytes        6          1/4 of a byte                16k bytes        7          1/2 byte                       32k bytes    Refr Rate    BC[0] BC BYTE  BC MAX BS Gran   BS MAX 0    8000bps 1/256Byte BC[7]   1Mbyte 256byte   1Mbyte 1   16000bps 1/128Byte BC[6]   2Mbyte 512byte   2Mbyte 2   32000bps  1/64Byte BC[5]   4Mbyte  1Kbyte   4Mbyte 3   64000bps  1/32Byte BC[4]   8Mbyte  2Kbyte   8Mbyte 4  128000bps  1/16Byte BC[3]  16Mbyte  4Kbyte  16Mbyte 5  256000bps   1/8Byte BC[2]  32Mbyte  8Kbyte  32Mbyte 6  512000bps   1/4Byte BC[1]  64Mbyte 16Kbyte  64Mbyte 7 1024000bps   1/2Byte BC[0] 128Mbyte 32Kbyte 128MbyteIn packet-shaping mode,meter_gran    Bucket_Count granularity   Bucket_Size granularity        0       1/256000 of a packet           0.256 packet        1       1/128000 of a packet           0.512 packet        2       1/64000 of a packet            1.024 packet        3       1/32000 of a packet            2.048 packet        4       1/16000 of a packet            4.096 packet        5       1/4000 of a packet            16.384 packet        6       1/1000 of a packet            65.536 packet        7       1/250 of a packet            262.144 packet; MAX_REFRESH      Refresh count for Maximum Bucket (also depends on METER_GRAN).Every unit of REFRESH represents 64,000 bps, (bits per second).Example 1:  To set metering rate to 500 Mbps (500,000,000 bps),             should set REFRESH = 7812, Example 2:  To set metering rate to 1 Gbps (1,000,000,000 bps),             should set REFRESH = 15624.In packet mode, every unit of REFRESH represents 1/16000 packet (when METER_GRAN = 3).; PARITY           Parity for max bucket config fields",2,0x0000000000008004,no,medium (MMU),0x0a300200
MCQ_CONFIG,MMU,MCQ_CONFIG,"MODE_2; MODE_4           There are a total of 65 FIFOs in MCQ. They are divided into 16 groups, each group has 4 FIFOs. The 65th FIFO is dedicated for loop-back port (port 33). Each group can be configured in MODE_4 (combine 4 FIFOs into one group), MODE_2 (combine every 2 FIFOs in one group), or default mode (one FIFO per port, MODE_4 and MODE_2 both 0).Note that MODE_4 and MODE_2 cannot both be set to 1 in each group.The following table defines each port's mapping:Note: if a group is configured as MODE_4, only port 0 of the group is active, the rest should not have packet traffic.Note: if a group is configured as MODE_2, only port 0, 2 of the group are active, the rest should not have packet traffic.  port number = 1 : group number = 0, subport number = 0  port number = 2 : group number = 1, subport number = 0  port number = 3 : group number = 2, subport number = 0  port number = 4 : group number = 3, subport number = 0  port number = 5 : group number = 0, subport number = 1  port number = 6 : group number = 1, subport number = 1  port number = 7 : group number = 2, subport number = 1  port number = 8 : group number = 3, subport number = 1  port number = 9 : group number = 0, subport number = 2  port number = 10 : group number = 1, subport number = 2  port number = 11 : group number = 2, subport number = 2  port number = 12 : group number = 3, subport number = 2  port number = 13 : group number = 0, subport number = 3  port number = 14 : group number = 1, subport number = 3  port number = 15 : group number = 2, subport number = 3  port number = 16 : group number = 3, subport number = 3  port number = 17 : group number = 4, subport number = 0  port number = 18 : group number = 5, subport number = 0  port number = 19 : group number = 6, subport number = 0  port number = 20 : group number = 7, subport number = 0  port number = 21 : group number = 4, subport number = 1  port number = 22 : group number = 5, subport number = 1  port number = 23 : group number = 6, subport number = 1  port number = 24 : group number = 7, subport number = 1  port number = 25 : group number = 4, subport number = 2  port number = 26 : group number = 5, subport number = 2  port number = 27 : group number = 6, subport number = 2  port number = 28 : group number = 7, subport number = 2  port number = 29 : group number = 4, subport number = 3  port number = 30 : group number = 5, subport number = 3  port number = 31 : group number = 6, subport number = 3  port number = 32 : group number = 7, subport number = 3  port number = 33 : group number = 16, subport number = 0  port number = 34 : group number = 8, subport number = 0  port number = 35 : group number = 9, subport number = 0  port number = 36 : group number = 10, subport number = 0  port number = 37 : group number = 11, subport number = 0  port number = 38 : group number = 8, subport number = 1  port number = 39 : group number = 9, subport number = 1  port number = 40 : group number = 10, subport number = 1  port number = 41 : group number = 11, subport number = 1  port number = 42 : group number = 8, subport number = 2  port number = 43 : group number = 9, subport number = 2  port number = 44 : group number = 10, subport number = 2  port number = 45 : group number = 11, subport number = 2  port number = 46 : group number = 8, subport number = 3  port number = 47 : group number = 9, subport number = 3  port number = 48 : group number = 10, subport number = 3  port number = 49 : group number = 11, subport number = 3  port number = 50 : group number = 12, subport number = 0  port number = 51 : group number = 13, subport number = 0  port number = 52 : group number = 14, subport number = 0  port number = 53 : group number = 15, subport number = 0  port number = 54 : group number = 12, subport number = 1  port number = 55 : group number = 13, subport number = 1  port number = 56 : group number = 14, subport number = 1  port number = 57 : group number = 15, subport number = 1  port number = 58 : group number = 12, subport number = 2  port number = 59 : group number = 13, subport number = 2  port number = 60 : group number = 14, subport number = 2  port number = 61 : group number = 15, subport number = 2  port number = 62 : group number = 12, subport number = 3  port number = 63 : group number = 13, subport number = 3  port number = 64 : group number = 14, subport number = 3  port number = 65 : group number = 15, subport number = 3",1,0x0f000000,no,medium (MMU),0x1b380000
MCQ_FIFO_BASE_REG,MMU,MCQ_FIFO_BASE_REG,"Q_MCQ_FIFO_BASE  Per Queue FIFO Base address : defines the base address of the queues in the FIFO. CPU must program it. The real FIFO address is the value of this register times 16. (That is, this field represents the MSB bits of the address. The lower 4 bits of the addresses are always zero.)Each base address can be in any of the 4K region, however, in 10G mode, only 1K Fifo are allocated. Therefore, the upper 2 bits must be zero; in 20G mode, 2K Fifo are allocated so the upper 1 bit must be zero;Programming Note: The difference of the base address and the next Queue's base address defines the size of the queue. The maximum size of each Queue is (1K-16). In 20G mode, it's 2K-16; in 40G mode, it's 4K-16.The OVQ_MCQ_CREDITS per queue register in OVQ block must be programmed to be less or equal to the size of the FIFO.i.e. COS0_MCQ_FIFO_BASE_REG + COS0_OVQ_MCQ_CREDITS <= COS1_MCQ_FIFO_BASE_REG     COS1_MCQ_FIFO_BASE_REG + COS1_OVQ_MCQ_CREDITS <= COS2_MCQ_FIFO_BASE_REG     , etc.",212,0x000000c0,no,medium (MMU),0x1b300100
MC_CONTROL_1,IPIPE,Multicast Control Register1 for HiGig2 pkts.,HIGIG2_BC_BASE_OFFSET Base offset for Broadcast packets.; HIGIG2_BC_SIZE   Number of Broadcast groups (i.e. VLANS) in MC space.,1,0x10000000,no,unknown,0x01180610
MC_CONTROL_2,IPIPE,Multicast Control Register2 for HiGig2 pkts.,HIGIG2_L2MC_BASE_OFFSET Base offset in MC space for L2 Multicast packets.; HIGIG2_L2MC_SIZE Number of L2 Multicast groups in MC space.,1,0x10001000,no,unknown,0x02180681
MC_CONTROL_3,IPIPE,Multicast Control Register3 for HiGig2 pkts.,HIGIG2_IPMC_BASE_OFFSET Base offset in MC space for IP Multicast packets.; HIGIG2_IPMC_SIZE Number of IP Multicast groups in MC space.,1,0x10002000,no,unknown,0x02180682
MC_CONTROL_5,IPIPE,Multicast Control Register5.,SHARED_TABLE_L2MC_SIZE Size of the L2MC region in the shared L2MC table.; SHARED_TABLE_IPMC_SIZE Size of the IPMC region in the shared L2MC table.,1,0x02001000,no,unknown,0x0c180609
MEM_FAIL_INT_EN,MMU,Memory Fail Interrupt Enable,AGING_CTR_PAR_ERR_EN AGING CTR parity error enable; AGING_EXP_PAR_ERR_EN AGING EXP parity error enable; CCP_PAR_ERR_EN   CCP parity error enable; CFAP_PAR_ERR_EN  CFAP parity error enable; CFAP_MEM_FAIL_EN CFAP memory fail error enable; DEQ_MPB_ERR_EN   DEQ MPB error enable; DEQ_PKTHDR_ERR_EN DEQ packet header  error enable; DEQ_NOT_IP_ERR_EN DEQ not IP error enable; CTR_UC_CNT_EN    CTR UC CNT  error enable; START_BY_START_ERR_EN start by start error enable; CTR_MC_CNT_EN    CTR MC CNT table parity error enable; CTR_COLOR_CNT_ERR_EN CTR COLOR Drop CNT parity error enable; TOQ0_UCQ_RP_PAR_ERR_EN TOQ0 UC Q RP  parity error enable; TOQ0_UCQ_WP_PAR_ERR_EN TOQ0 UC Q WP  parity error enable; TOQ0_PKTLINK_PAR_ERR_EN TOQ0 packet link parity error enable; TOQ0_CELLLINK_PAR_ERR_EN TOQ0 cell link parity error enable; TOQ0_CPQLINK_PAR_ERR_EN TOQ CPQ  link parity error enable; TOQ0_IPMC_MC_FIFO_PAR_ERR_EN TOQ0 IPMC MC FIFO  parity error enable; TOQ0_IPMC_TBL_PAR_ERR_EN TOQ0 IPMC table parity error enable; TOQ0_VLAN_TBL_PAR_ERR_EN TOQ0 VLAN table parity error enable; MTRO_PAR_ERR_EN  MTRO parity error enable; WRED_PAR_ERR_EN  WRED parity error enable; OVQ_PAR_ERR_EN   OVQ parity error enable; PQE_PAR_ERR_EN   Purge queue parity error enable; QCN_PAR_ERR_EN   QCN parity error enable; THDO_PAR_ERR_EN  THDO parity error enable; THDI_PAR_ERR_EN  THDI parity error enable; ES_PAR_ERR_EN    ES parity error enable,1,0x0fffffff,no,medium (MMU),0x0c380001
MINBUCKET,MMU,"normal port, 10uc comes first then 5 mc;   or those special ports,  it is 64 extended queue first, then 10 uc then 5 mc;   for loopback port, it is only 5","MIN_BUCKET       Minimum rate bucket.When do register read/write test to this register, please DO reset     MISCCONFIG.REFRESH_EN = 0     MISCCONFIG.PARITY_GEN_EN = 0     MISCCONFIG.PARITY_CHK_EN = 0This is to prevent data being overwrite by internal refreshprocess.; IN_PROFILE_FLAG  SW overlay for backward compatible field name; OUT_PROFILE_FLAG OUT_PROFILE_FLAG inidcates the current state of minimum rate bucket1: out of profile0: In profileDefault value is out of profile.; PARITY           Parity for min bucket and flag fields",2,0x40040000,no,medium (MMU),0x0a300100
MINBUCKETCONFIG_64,MMU,"normal port, 10uc comes first then 5 mc;   or those special ports,  it is 64 extended queue first, then 10 uc then 5 mc;   for loopback port, it is only 5","MIN_THD          Threshold determines the size of Minimum Bucket. This Threshold setting is not related to actual bandwidth rate number.When ITU mode is not enabled,The Bucket size is determined by the formula,BucketSize = MIN_THD_SEL * Bucket_Size_GranularityMin Bucket function is disabled when bucket size is 0.When ITU mode is enabled,Threshold is divided into two fields.W1 = MIN_THD_SEL[11:8]W2 = MIN_THD_SEL[7:0]The Bucket size is determined by the formula,BucketSize = 2^(W1) * (1 + W2/256) * Bucket_Size_GranularityThe stepsize varies as a function of the specific bucket sizerange. For example when METER_GRAN = 3, the next bucket size up from 4096 bytesis 4112 bytes (stepsize of 16 bytes). In constrast, the next bucket size up from 1024*1024 bytes is 1028*1024 (step size of 4096 bytes). This provides for an accuracyof a bucket size of at least 0.39%. Min Bucket function is disabled when bucket size is 0.NOTE: there is a minimum value for THD based on refresh time: 7.8125 us and requested BW:For 10 Gb/s, minimum thd = 10Gb/s * 7812.5ns / 8bit/byte = app 10kbyte.; METER_GRAN       In bandwidth-shaping mode,meter_gran   Bucket_Count granularity   Bucket_Size granularity        0          1/256 of a byte              256 bytes        1          1/128 of a byte                512 bytes        2          1/64 of a byte                1K bytes        3          1/32 of a byte                2K bytes        4          1/16 of a byte                 4K bytes        5          1/8 of a byte                8k bytes        6          1/4 of a byte                16k bytes        7          1/2 byte                       32k bytes    Refr Rate    BC[0] BC BYTE  BC MAX BS Gran   BS MAX 0    8000bps 1/256Byte BC[7]   1Mbyte 256byte   1Mbyte 1   16000bps 1/128Byte BC[6]   2Mbyte 512byte   2Mbyte 2   32000bps  1/64Byte BC[5]   4Mbyte  1Kbyte   4Mbyte 3   64000bps  1/32Byte BC[4]   8Mbyte  2Kbyte   8Mbyte 4  128000bps  1/16Byte BC[3]  16Mbyte  4Kbyte  16Mbyte 5  256000bps   1/8Byte BC[2]  32Mbyte  8Kbyte  32Mbyte 6  512000bps   1/4Byte BC[1]  64Mbyte 16Kbyte  64Mbyte 7 1024000bps   1/2Byte BC[0] 128Mbyte 32Kbyte 128MbyteIn packet-shaping mode,meter_gran    Bucket_Count granularity   Bucket_Size granularity        0       1/256000 of a packet           0.256 packet        1       1/128000 of a packet           0.512 packet        2       1/64000 of a packet            1.024 packet        3       1/32000 of a packet            2.048 packet        4       1/16000 of a packet            4.096 packet        5       1/4000 of a packet            16.384 packet        6       1/1000 of a packet            65.536 packet        7       1/250 of a packet            262.144 packet; MIN_REFRESH      Refresh count for minimum rate bucket (also depends on METER_GRAN).Every unit of REFRESH represents 64,000 bps, (bits per second).Example 1:  To set metering rate to 500 Mbps (500,000,000 bps),             should set REFRESH = 7812,Example 2:  To set metering rate to 1 Gbps (1,000,000,000 bps),             should set REFRESH = 15624.In packet mode, every unit of REFRESH represents 1/16000 packet (when METER_GRAN = 3).; PARITY           Parity for min bucket config fields",2,0x0000000200000004,no,medium (MMU),0x0a300000
MIRROR_SELECT,IPIPE,"Mirror select register, FeatureSpecific-Ethernet.",MTP_TYPE         Controls for each MTP container indicating it is configured as ingress (set to 0) or egress mirrored (set to 1).,1,0x00000000,no,unknown,0x0f180659
MISCCONFIG,MMU,Controls various functions in the MMU,"METERING_CLK_EN  SW overlay: Clock refresh enable; REFRESH_EN       Refresh Clock enableREFRESH_EN is control three different refresh clock.1. min/max shaper, egress port shaper refresh clock in every 7.8125us,2. cpu packet shaper refresh clock in every 1ms, 3. Wred average queue size counter refresh clock in every 4us.Since the refresh clock is constantly runing, if wants to perform registerread/write test or memory read/write to anove three features related registersand memories, this refresh_en needed to turn off to prevent written contentsbeen overwritten by internal refresh process.0: disable refresh tick, for register/memory read/write tests,1: enable refresh tick for normal operation.; SLAM_MEM         Stop memory initialization; PARITY_CHK_EN    Enable hardare to check correctness of ecc/parity bits.When doing  register/memory read/write tests it is strongly recommended to set this paritycheck enable bit to 0. This will prevent hardware automatically generatingunnecessary parity error interrupt and status when is intented byregisters/memories read/write tests.; PARITY_GEN_EN    Enable hardare to generate ecc/parity bits.When doing register/memory read/write tests, it is strongly recommended to set this parity genrate enable bit to 0. This will prevent hardware automatically overwritting the ECC andparity field in registers/memories contents and failing the tests.; PARITY_STAT_CLEAR Clear parity status registers; RESERVED; ITU_MODE_SEL     Select will use ITU Weight formula to config min/max and egress metering bucket size",1,0x0000000d,no,medium (MMU),0x0c380000
MMU_QCN_CPQ_SEQ,MMU,Memory address = dest_port_num,"CPW               Weight the rate of change of queue size relative to the instantaneous queue size . 3'b000 -- 1/4; 3'b001 -- 1/2; 3'b010 -- 1; 3'b011 -- 2; 3'b100 -- 4; 3'b101 -- 8; 3'b110 -- 16; 3'b111 -- 32;; CPQEQ            Expected queue Length.; COS0_ENABLE; CPQ_EN0          COS0 qcn enable. 0-disable QCN function, 1- enable QCN; CPQ_PROFILE_INDEX0 two CPQ per port; COS1_ENABLE; CPQ_EN1          COS1 qcn enable. 0-disable QCN function, 1- enable QCN; CPQ_PROFILE_INDEX1 two CPQ per port; COS2_ENABLE; CPQ_EN2          COS2 qcn enable. 0-disable QCN function, 1- enable QCN; CPQ_PROFILE_INDEX2 two CPQ per port; COS3_ENABLE; CPQ_EN3          COS3 qcn enable. 0-disable QCN function, 1- enable QCN; CPQ_PROFILE_INDEX3 two CPQ per port; COS4_ENABLE; CPQ_EN4          COS4 qcn enable. 0-disable QCN function, 1- enable QCN; CPQ_PROFILE_INDEX4 two CPQ per port; COS5_ENABLE; CPQ_EN5          COS5 qcn enable. 0-disable QCN function, 1- enable QCN; CPQ_PROFILE_INDEX5 two CPQ per port; COS6_ENABLE; CPQ_EN6          COS6 qcn enable. 0-disable QCN function, 1- enable QCN; CPQ_PROFILE_INDEX6 two CPQ per port; COS7_ENABLE; CPQ_EN7          COS7 qcn enable. 0-disable QCN function, 1- enable QCN; CPQ_PROFILE_INDEX7 two CPQ per port; COS8_ENABLE; CPQ_EN8          COS8 qcn enable. 0-disable QCN function, 1- enable QCN; CPQ_PROFILE_INDEX8 two CPQ per port; COS9_ENABLE; CPQ_EN9          COS9 qcn enable. 0-disable QCN function, 1- enable QCN; CPQ_PROFILE_INDEX9 two CPQ per port",8,0x00000000,no,medium (MMU),0x1e380010
MMU_TO_LOGIC_PORT_MAPPING,,?,,65,0x00000009,no,unknown,
MMU_TO_PHY_PORT_MAPPING,,?,,65,0x00000005,no,unknown,
MODPORT_MAP_MIRROR_PARITY_CONTROL,IPIPE,"Parity Control for MODPORT_MAP_MIRROR table, FeatureSpecific-Ethernet",PARITY_EN        This bit enables parity checking for the MODPORT_MAP_MIRROR table.,1,0x00000001,no,low (parity init),0x0f180d2b
MODPORT_MAP_SW_PARITY_CONTROL,IPIPE,"Parity Control for MODPORT_MAP_SW table, FeatureSpecific-Ethernet",PARITY_EN        This bit enables parity checking for the MODPORT_MAP_SW table.,1,0x00000001,no,low (parity init),0x0f180d22
MOD_MAP_PARITY_CONTROL,IPIPE,MOD_MAP_PARITY_CONTROL,PARITY_EN        This bit enables parity checking for the ING_MOD_MAP table.,1,0x00000001,no,low (parity init),0x02180d0f
MPLS_ENTRY_HASH_CONTROL,IPIPE,"MPLS_ENTRY_HASH_CONTROL, FeatureSpecific-MPLS.",HASH_SELECT_A    Selects hashing algorithm used for index A.; HASH_SELECT_B    Selects hashing algorithm used for index B.; INSERT_LEAST_FULL_HALF Insert entry into the least full half of the hash location if 1.,1,0x0000004a,no,medium (QoS / hash),0x04180640
MPLS_ENTRY_PARITY_CONTROL,IPIPE,"MPLS_ENTRY_PARITY_CONTROL, FeatureSpecific-Ethernet",PARITY_EN        This bit enables parity checking for the MPLS_ENTRY table.,1,0x00000001,no,low (parity init),0x04180d24
MTRO_CONFIG,IPIPE,Multipass Loopback Bitmap Register.,"RESERVED; CPUPKTMETER_FASTCLK For Simulation use only.When reset, internal logic is using 1ms clock for CPU PKT METER.When set, internal logic is using 16 times faster, 62.5us clock for CPU PKT METER.; TM_X_S1           TM bit for s1 level x pipe; TM_Y_S1           TM bit for s1 level y pipe; TM_X_S2           TM bit for s2 level x pipe; TM_Y_S2           TM bit for s2 level y pipe; TM_X_S3           TM bit for queue level x pipe; TM_Y_S3           TM bit for queue level y pipe; BITMAP           Defines ports that are loopback ports for multipass loopback.  Used to OR loopback ports into the PBM prior to HG trunk resolution.; BITMAP_W0        Overlay bitmap for ports 31:0.; BITMAP_W1        Overlay bitmap for ports 63:32.; BITMAP_W2        Overlay bitmap for ports 65:64.",1,0x00000001,no,unknown,0x0a3807e0
NIV_ERROR_DROP_PARITY_CONTROL,IPIPE,"Parity Control for NIV_ERROR_DROP table, FeatureSpecific-Ethernet",PARITY_EN        This bit enables parity checking for the NIV_ERROR_DROP table.,1,0x00000001,no,low (parity init),0x0f180d96
NIV_FORWARDING_DROP_PARITY_CONTROL,IPIPE,"Parity Control for NIV_FORWARDING_DROP table, FeatureSpecific-Ethernet",PARITY_EN        This bit enables parity checking for the NIV_FORWARDING_DROP table.,1,0x00000001,no,low (parity init),0x0f180d99
NIV_VLAN_TAGGED_PARITY_CONTROL,IPIPE,"Parity Control for NIV_VLAN_TAGGED table, FeatureSpecific-Ethernet",PARITY_EN        This bit enables parity checking for the NIV_VLAN_TAGGED table.,1,0x00000001,no,low (parity init),0x0f180d9c
NONUCAST_TRUNK_BLOCK_MASK_PARITY_CONTROL,IPIPE,"Parity Control for NONUCAST_TRUNK_BLOCK_MASK table, FeatureSpecific-Ethernet",PARITY_EN        This bit enables parity checking for the NONUCAST_TRUNK_BLOCK_MASK table.,1,0x00000001,no,low (parity init),0x0f180d1f
OP_BUFFER_LIMIT_RED_CELL,MMU,OP_BUFFER_LIMIT_RED_CELL,"OP_BUFFER_LIMIT_RED_CELL Programmed by software with the total shared cells available for ""Red"" cells.OP_BUFFER_LIMIT_RED_CELL  is in 8-cell granularity.",1,0x0000130b,no,HIGH (data path),0x0338000c
OP_BUFFER_LIMIT_RESUME_RED_CELL,MMU,OP_BUFFER_LIMIT_RESUME_RED_CELL,"OP_BUFFER_LIMIT_RESUME_RED_CELL Programmed by software with the total shared cells available for ""Red"" cells.OP_BUFFER_LIMIT_RESUME_RED_CELL  is in 8-cell granularity.",1,0x0000130b,no,HIGH (data path),0x03380088
OP_BUFFER_LIMIT_RESUME_YELLOW_CELL,MMU,OP_BUFFER_LIMIT_RESUME_YELLOW_CELL,"OP_BUFFER_LIMIT_RESUME_YELLOW_CELL Programmed by software with the total shared cells available for ""Yellow"" cells.OP_BUFFER_LIMIT_RESUME_YELLOW_CELL is in 8-cell granularity.",1,0x0000130b,no,HIGH (data path),0x03380084
OP_BUFFER_LIMIT_YELLOW_CELL,MMU,OP_BUFFER_LIMIT_YELLOW_CELL,"OP_BUFFER_LIMIT_YELLOW_CELL Programmed by software with the total shared cells available for ""Yellow"" cells.OP_BUFFER_LIMIT_YELLOW_CELL is in 8-cell granularity.",1,0x0000130b,no,HIGH (data path),0x03380008
OP_BUFFER_MAX_TOTAL_COUNT_CELL,MMU,OP_BUFFER_MAX_TOTAL_COUNT_CELL,MAX_TOTAL_COUNT  The maximum total number of cells (both min and shared) used by all output ports and queues from the output port perspective. Value in cells. This register is used to track buffer usage as a diagnostic tool.,3,0x00000004,no,HIGH (data path),0x03380048
OP_BUFFER_SHARED_LIMIT_CELL,MMU,OP_BUFFER_SHARED_LIMIT_CELL,OP_BUFFER_SHARED_LIMIT_CELL Programmed by software with the total shared cells available after taking out all the guaranteed minimum cellsassigned to all the queues and any holdback needed.,4,0x00005100,yes,HIGH (data path),0x03380004
OP_BUFFER_SHARED_LIMIT_RESUME_CELL,MMU,OP_BUFFER_SHARED_LIMIT_RESUME_CELL,OP_BUFFER_SHARED_LIMIT_RESUME_CELL Programmed by software with the total shared cells available after taking out all the guaranteed minimum cellsassigned to all the queues and any holdback needed.,4,0x0000509c,yes,HIGH (data path),0x03380080
OP_PORT_LIMIT_COLOR_CELL,MMU,OP_PORT_LIMIT_COLOR_CELL,"RED              Limit on the number of ""Red"" cells allowed to be queued to each port (across all output queues of that port).OP_PORT_LIMIT_COLOR_CELL.RED is in 8-cell granularity.",54,0x0000130b,no,medium (MMU),0x03300038
OP_PORT_LIMIT_RESUME_COLOR_CELL,MMU,OP_PORT_LIMIT_RESUME_COLOR_CELL,"RED              Programmed by software with the port total cells available for ""Red"" cells.OP_PORT_LIMIT_RESUME_COLOR_CELL.YEL is in 8-cell granularity.",54,0x0000130a,no,medium (MMU),0x03300090
OP_QUEUE_CONFIG1_CELL,MMU,OP_QUEUE_CONFIG1_CELL,"UC_Q_CONFIG1     Dummy field.; Q_COLOR_ENABLE_CELL Enable register for queue color discard thresholds for color congestion management.0 : color based drop disable.1 : color based dopr enable.; Q_E2E_DS_EN_CELL Enable register for reporting queue e2ecc drop status to remote module..0 : queue's e2ecc drop status reporting function disable.1 : queue's e2ecc drop status reporting function enable.; Q_LIMIT_DYNAMIC_CELL Dynamic Control bit0 = this queue uses static q_limit1 = this queue uses dynamic queue threshold; Q_LIMIT_ENABLE_CELL Enable queue discard thresholds. 0 == never drop, the queue will use shared space by default; 1 == use queue thresholds to discard.; Q_COLOR_LIMIT_DYNAMIC_CELL Dynamic Control bit for color  congestion management.0 = Force color (yellow, red) threshold to be static.1 = Color threshold is a percentage of the q_shared_limit (which can be dynamic or static).; Q_SPID           Service pool ID associated with this queue.",164,0x00000008,yes,HIGH (data path),0x03300140
OP_QUEUE_CONFIG_CELL,MMU,OP_QUEUE_CONFIG_CELL,"Q_SHARED_LIMIT_CELL Queue Limit: defines the number of shared cells allowed for each queue. It can be In Static mode, Q_SHARED_LIMIT_CELL is the threshold value in cells,; Q_SHARED_ALPHA_CELL In dynamic mode Index to the alpha value to use for dynamic threshold. When dynamic thresholds are enabled, Q_SHARED_LIMIT_CELL is used to select the ""alpha"" value for thequeue as shown in the following definitions: 0: 1/641: 1/322: 1/163: 1/84: ¼5: ½6: 17: 28: 49: 8; Q_MIN_CELL       Minimum cells guaranteed for the queue.",61,0x01330819,yes,HIGH (data path),0x03300100
OP_QUEUE_LIMIT_COLOR_CELL,MMU,OP_QUEUE_LIMIT_COLOR_CELL,RED              RED limit for cellsOP_QUEUE_LIMIT_COLOR_CELL.RED is in 8-cell granularity.,313,0x00000007,no,medium (MMU),0x03300180
OP_QUEUE_RESET_OFFSET_CELL,MMU,OP_QUEUE_RESET_OFFSET_CELL,"Q_RESET_OFFSET_CELL q_reset_sel_cell: This value is used to create the cell drop hystersis, as an offset from the packet drop threshold.This offset register is in 8-cell granularity.",313,0x00000003,no,medium (MMU),0x03300200
OP_THR_CONFIG,MMU,OP_THR_CONFIG,"MOP_POLICY       4 configuration bits which serves as options as to whether to discard a packet based on MOP conditions. See uArch document for details.bit[0]: MOP_policy_1 enable.bit[1]: MOP_policy_2 enable.bit[2]: MOP_policy_3 enable,bit[3]: MOP_policy_1_1 enable.; SOP_POLICY       1 configuration bits which serves as options as to whether to discard a packet based on SOP conditions. See uArch document for details.; EARLY_E2E_SELECT 1 configuration bits which serves as options as to whether to send early e2e drop status or queue drop status.See uArch document for details.; ASF_PKT_SIZE     ASF_pkt_size: Minumim value of the packet size (in cells) that must be received before enqueuing for ASF.This is necessary to avoid underruns; initial estimate is '2' cells should be sufficient.; ASF_QUEUE_SIZE   Maximum value in cells that the queue size before allowing enqueueing for ASF.It is necessary to enqueue before the queue size reaches zero to maintain cut-through operation on small packetsat line rate. (initial estimate is '3' cells').; ASF_ENABLE       ASF_enabled: 1= allow cut-through to occur; 0 = store and forward for all packets.; YELLOW_CELL_DS_SELECT For YELLOW multicast packets, use either GREEN or RED drop state.",1,0x0000ccc7,no,medium (MMU),0x03380012
OP_UC_PORT_CONFIG1_CELL,MMU,OP_UC_PORT_CONFIG1_CELL,"PORT_LIMIT_ENABLE_CELL Enable port limit: 0 = do not enforce; 1 = enable enforcement of op_shared_limit. When set to 1, the op_shared_limit must be a non-zero value.; COS0_SPID        Service pool ID associated with COS 0.; COS1_SPID        Service pool ID associated with COS 1.; COS2_SPID        Service pool ID associated with COS 2.; COS3_SPID        Service pool ID associated with COS 3.; COS4_SPID        Service pool ID associated with COS 4.; COS5_SPID        Service pool ID associated with COS 5.; COS6_SPID        Service pool ID associated with COS 6.; COS7_SPID        Service pool ID associated with COS 7.; COS8_SPID        Service pool ID associated with COS 8.; COS9_SPID        Service pool ID associated with COS 9.; Q_E2E_DS_EN      Enable register for reporting queue e2ecc drop status to remote module..0 : queue's e2ecc drop status reporting function disable.1 : queue's e2ecc drop status reporting function enable.bit 23 : COS 0bit 24 : COS 1....bit 30 : COS 7",52,0x00008040,no,medium (MMU),0x03300029
OP_UC_PORT_LIMIT_COLOR_CELL,MMU,OP_UC_PORT_LIMIT_COLOR_CELL,"YEL              Limit on the number of ""Yellow"" cells allowed to be queued to each port (across all output queues of that port).OP_PORT_LIMIT_COLOR_CELL.YEL is in 8-cell granularity.; RED              Limit on the number of ""Red"" cells allowed to be queued to each port (across all output queues of that port).OP_PORT_LIMIT_COLOR_CELL.RED is in 8-cell granularity.",52,0x0261730b,no,medium (MMU),0x0330003c
OP_UC_PORT_LIMIT_RESUME_COLOR_CELL,MMU,OP_UC_PORT_LIMIT_RESUME_COLOR_CELL,"YEL              Programmed by software with the port total cells available for ""Yellow"" cells.OP_PORT_LIMIT_RESUME_COLOR_CELL.YEL is in 8-cell granularity.; RED              Programmed by software with the port total cells available for ""Red"" cells.OP_PORT_LIMIT_RESUME_COLOR_CELL.RED is in 8-cell granularity.",52,0x0261530a,no,medium (MMU),0x03300094
OUTPUT_PORT_RX_ENABLE0_64,MMU,OUTPUT_PORT_RX_ENABLE0,OUTPUT_PORT_RX_ENABLE0 Output Port Rx Enable Bitmap from ports 0 t0 32.; OUTPUT_PORT_RX_ENABLE0_LO Overlay Output Port Rx Enable Bitmap from ports 0 to 31.; OUTPUT_PORT_RX_ENABLE0_HI Overlay Output Port Rx Enable Bitmap from port 32.,1,0x00000001ffffffff,no,medium (MMU),0x03380074
OUTPUT_PORT_RX_ENABLE1_64,MMU,OUTPUT_PORT_RX_ENABLE1,OUTPUT_PORT_RX_ENABLE1 Output Port Rx Enable Bitmap from ports 33 to 65.; OUTPUT_PORT_RX_ENABLE1_LO Overlay Output Port Rx Enable Bitmap from ports 33 to 64.; OUTPUT_PORT_RX_ENABLE1_HI Overlay Output Port Rx Enable Bitmap from port 65.,1,0x00000001fffe001f,no,medium (MMU),0x03380075
OVQ_DROP_THRESHOLD0,MMU,OVQ_DROP_THRESHOLD0,"OVQ_DROP_THRESHOLD0 once this threshould is reached , it will send indication to THDO to drop the packets for all fifosDiscard is cleared once the level in OVQ reaches below OVQ_drop_threshould_Reset_limit.",1,0x00002d00,no,medium (MMU),0x1f380004
OVQ_DROP_THRESHOLD_RESET_LIMIT,MMU,OVQ_DROP_THRESHOLD_RESET_LIMIT,"OVQ_DROP_THRESHOLD_RESET_LIMIT when OVQ level dropped below OVQ_drop_threshold_reset_limit once OVQ reached those threshold, the discard is then cleared. sw needs to program this value.",1,0x00002d00,no,medium (MMU),0x1f38000c
OVQ_FLOWCONTROL_THRESHOLD,MMU,OVQ_FLOWCONTROL_THRESHOLD,"OVQ_FC_THRESHOLD_RESET_LIMIT when OVQ level dropped below  OVQ_fc_thrshold_reset_limit once OVQ reached those threshold, the flowcontrol is then cleared.; OVQ_FC_THRESHOLD when OVQ level dropped below  OVQ_fc_thrshold_reset_limit once OVQ reached those threshold, the flowcontrol is then cleared.; OVQ_FC_ENABLE    			if this bit is set, threshold and reset_limit is enabled",1,0x0afcabf1,yes,medium (MMU),0x1f380008
OVQ_MCQ_CREDITS,MMU,OVQ_MCQ_FIFO_CREDITS,"CREDITS          credits ( up to 0x1024 per queue ),",265,0x000000c0,no,medium (MMU),0x1f300040
PAUSE_CONTROL,XLPORT0 XLPORT1 XLPORT2 XLPORT3 XLPORT4 XLPORT5 XLPORT6 XLPORT7 XLPORT8 XLPORT9 XLPORT10 XLPORT11 XLPORT12 XLPORT13 XLPORT14 XLPORT15 XLPORT16 XLPORT17,PAUSE frame timer control register,VALUE            Each bit in this register represents 512 bit times independent of the port speed. Values of 0 and 1 are illegal.; ENABLE           Enable Extra Pause Frames.,52,0x0003ffff,no,unknown,0x005005cc
PG4_INTR_ENABLE,PORT_GROUP4_X PORT_GROUP4_Y,PORT_GROUP4_INTR_ENABLE,XLP0_PERR_INTR   XLP0 ecc parity error; XLP1_PERR_INTR   XLP1 ecc parity error; XLP2_PERR_INTR   XLP2 ecc parity error; XLP3_PERR_INTR   XLP3 ecc parity error; PG4_PERR_INTR    PG4 ecc parity error,2,0x0000001f,no,unknown,0x0058000c
PG5_INTR_ENABLE,PORT_GROUP5_X PORT_GROUP5_Y,PORT_GROUP5_INTR_ENABLE,XLP0_PERR_INTR   XLP0 ecc parity error; XLP1_PERR_INTR   XLP1 ecc parity error; XLP2_PERR_INTR   XLP2 ecc parity error; XLP3_PERR_INTR   XLP3 ecc parity error; XLP4_PERR_INTR   XLP4 ecc parity error; PG5_PERR_INTR    PG5 ecc parity error,2,0x0000003f,no,unknown,0x0058000c
PG_MIN_CELL,MMU,PG_MIN_CELL,PG_MIN           The priority group minimum register holds the PG minimum guarantees for a single port.,159,0x0000002d,yes,HIGH (data path),0x02300050
PG_RESET_OFFSET_CELL,MMU,PG_RESET_OFFSET_CELL,"PG_RESET_OFFSET  PG_RESET_OFFSET_CELL is the offset from pg cell xoff threshold used to release xoff state.However, actual XON state is depended on the higher threshold between cell reset floor and(pg cell xoff threshold - PG_RESET_OFFSET).; PARITY           Parity",54,0x00010010,no,medium (MMU),0x02300030
PG_SHARED_LIMIT_CELL,IPIPE,"For packets with inner/outer VLAN tag, the first 256-entries are indexed by {802.1p_priority[2:0], 802.1p_cfi, PHB2_DOT1P_MAPPING_PTR}. For packets without inner/outer VLAN tag, the last 16 entries are indexed by PHB2_DOT1P_MAPPING_PTR.",PG_SHARED_LIMIT  Shared Buffer Limit per input port. Can be either: static threshold: a value in cellsor dynamic threshold: used as an index to the alpha value to use for dynamic threshold.Port_Shared_limit[3:0] : alpha0: 1/641: 1/322: 1/163: 1/84: 1/45: 1/26: 17: 28: 49: 810: 811: 812: 813: 814: 815: 8Note: the port shared threshold is used as the pg7_xoff_threshold which is used to assert flow control on the highest priority group.; PG_SHARED_DYNAMIC Dynamic Control bit0 = this pg uses static port_limit1 = this pg uses dynamic queue threshold; PARITY           Parity; COS              Overlay for UC_COS2. Expanded from 3 to 4 bits.; UC_COS2          The mapped COS2 value for unicast packets.; MC_COS2          The mapped COS2 value for multicast packets.,162,0x000211c4,yes,HIGH (data path),0x02300023
POOL_DROP_STATE,IPIPE,Specifies the port(s) that is (are) CPU.,"POOL_0           bits identifying the current {green, yellow, red} drop state for service pool 0; POOL_1           bits identifying the current {green, yellow, red} drop state for service pool 1; POOL_2           bits identifying the current {green, yellow, red} drop state for service pool 2; POOL_3           bits identifying the current {green, yellow, red} drop state for service pool 3; BITMAP           Bitmap of all front-panel ports with port_bridge enabled. Include Higig ports to enable same port switching. Should be programmed the same as PORT_TABLE[port].PORT_BRIDGE.; BITMAP_W0        Overlay bitmap for ports 31:0.; BITMAP_W1        Overlay bitmap for ports 63:32.; BITMAP_W2        Overlay bitmap for ports 65:64.; BITMAP           Bitmap of all front-panel ports with port_bridge enabled. Include Higig ports to enable same port switching. Should be programmed the same as PORT_TABLE[port].PORT_BRIDGE.; BITMAP_W0        Overlay bitmap for ports 31:0.; BITMAP_W1        Overlay bitmap for ports 63:32.; BITMAP_W2        Overlay bitmap for ports 65:64.; PORT_LEARNING_CLASS Port learning class, index to CBL_ATTRIBUTE register.; VIRTUAL_PORT_LEARNING_CLASS Virtual Port Learning class, index to CBL_ATTRIBUTE register.; EVEN_PARITY      Even parity.; BASE             Index into the system port table for this feature.; EVEN_PARITY      PARITY BIT to make the entry parity even.",1,0x00000e03,no,low (statistics),0x02380139
PORT_CBL_TABLE_MODBASE_PARITY_CONTROL,IPIPE,"PORT_CBL_TABLE_MODBASE_PARITY_CONTROL, FeatureSpecific-Ethernet",PARITY_EN        This bit enables parity checking for the PORT_CBL_TABLE_MODBASE table.,1,0x00000001,no,low (parity init),0x0b180d1a
PORT_GROUP4_BOD_FIFO_ECC_ENABLE,PORT_GROUP4_X PORT_GROUP4_Y,PORT_GROUP4_BOD_FIFO_ECC_ENABLE,BOD_FIFO_ECC_ENABLE BOD_FIFO ECC ENABLE,2,0x00000001,no,low (parity init),0x00580009
PORT_GROUP4_TDM_CONTROL,PORT_GROUP4_X PORT_GROUP4_Y,TDM TABLE Control,"DISABLE          Disable TDM, set to 1 when changing tdm_mode or slot mapping; TDM_WRAP_PTR     Indicates max valid entry in the TDM TABLE",2,0x0000003e,no,unknown,0x00580008
PORT_GROUP4_TDM_REG_0,PORT_GROUP4_X PORT_GROUP4_Y,TDM TABLE configuration,TDM_ENTRY0_PORT_ID Physical port number in TDM entry0; TDM_ENTRY1_PORT_ID Physical port number in TDM entry1; TDM_ENTRY2_PORT_ID Physical port number in TDM entry2; TDM_ENTRY3_PORT_ID Physical port number in TDM entry3,2,0x211d1915,no,unknown,0x00580000
PORT_GROUP4_TDM_REG_1,PORT_GROUP4_X PORT_GROUP4_Y,TDM TABLE configuration,TDM_ENTRY4_PORT_ID Physical port number in TDM entry4; TDM_ENTRY5_PORT_ID Physical port number in TDM entry5; TDM_ENTRY6_PORT_ID Physical port number in TDM entry6; TDM_ENTRY7_PORT_ID Physical port number in TDM entry7,2,0x221e1a16,no,unknown,0x00580001
PORT_GROUP4_TDM_REG_2,PORT_GROUP4_X PORT_GROUP4_Y,TDM TABLE configuration,TDM_ENTRY8_PORT_ID Physical port number in TDM entry8; TDM_ENTRY9_PORT_ID Physical port number in TDM entry9; TDM_ENTRY10_PORT_ID Physical port number in TDM entry10; TDM_ENTRY11_PORT_ID Physical port number in TDM entry11,2,0x231f1b17,no,unknown,0x00580002
PORT_GROUP4_TDM_REG_3,PORT_GROUP4_X PORT_GROUP4_Y,TDM TABLE configuration,TDM_ENTRY12_PORT_ID Physical port number in TDM entry12; TDM_ENTRY13_PORT_ID Physical port number in TDM entry13; TDM_ENTRY14_PORT_ID Physical port number in TDM entry14; TDM_ENTRY15_PORT_ID Physical port number in TDM entry15,2,0x24201c18,no,unknown,0x00580003
PORT_GROUP4_TDM_REG_4,PORT_GROUP4_X PORT_GROUP4_Y,TDM TABLE configuration,TDM_ENTRY16_PORT_ID Physical port number in TDM entry16; TDM_ENTRY17_PORT_ID Physical port number in TDM entry17; TDM_ENTRY18_PORT_ID Physical port number in TDM entry18; TDM_ENTRY19_PORT_ID Physical port number in TDM entry19,2,0x211d1915,no,unknown,0x00580004
PORT_GROUP4_TDM_REG_5,PORT_GROUP4_X PORT_GROUP4_Y,TDM TABLE configuration,TDM_ENTRY20_PORT_ID Physical port number in TDM entry20; TDM_ENTRY21_PORT_ID Physical port number in TDM entry21; TDM_ENTRY22_PORT_ID Physical port number in TDM entry22; TDM_ENTRY23_PORT_ID Physical port number in TDM entry23,2,0x221e1a16,no,unknown,0x00580005
PORT_GROUP4_TDM_REG_6,PORT_GROUP4_X PORT_GROUP4_Y,TDM TABLE configuration,TDM_ENTRY24_PORT_ID Physical port number in TDM entry24; TDM_ENTRY25_PORT_ID Physical port number in TDM entry25; TDM_ENTRY26_PORT_ID Physical port number in TDM entry26; TDM_ENTRY27_PORT_ID Physical port number in TDM entry27,2,0x231f1b17,no,unknown,0x00580006
PORT_GROUP4_TDM_REG_7,PORT_GROUP4_X PORT_GROUP4_Y,TDM TABLE configuration,TDM_ENTRY28_PORT_ID Physical port number in TDM entry28; TDM_ENTRY29_PORT_ID Physical port number in TDM entry29; TDM_ENTRY30_PORT_ID Physical port number in TDM entry30; TDM_ENTRY31_PORT_ID Physical port number in TDM entry31,2,0x24201c18,no,unknown,0x00580007
PORT_GROUP5_BOD_FIFO_ECC_ENABLE,PORT_GROUP5_X PORT_GROUP5_Y,PORT_GROUP5_BOD_FIFO_ECC_ENABLE,BOD_FIFO_ECC_ENABLE BOD_FIFO ECC ENABLE,2,0x00000001,no,low (parity init),0x00580009
PORT_GROUP5_TDM_CONTROL,PORT_GROUP5_X PORT_GROUP5_Y,TDM TABLE Control,"DISABLE          Disable TDM, set to 1 when changing tdm_mode or slot mapping; TDM_WRAP_PTR     Indicates max valid entry in the TDM TABLE",2,0x0000003e,no,unknown,0x00580008
PORT_GROUP5_TDM_REG_0,PORT_GROUP5_X PORT_GROUP5_Y,TDM TABLE configuration,TDM_ENTRY0_PORT_ID Physical port number in TDM entry0; TDM_ENTRY1_PORT_ID Physical port number in TDM entry1; TDM_ENTRY2_PORT_ID Physical port number in TDM entry2; TDM_ENTRY3_PORT_ID Physical port number in TDM entry3,2,0x110d0905,no,unknown,0x00580000
PORT_GROUP5_TDM_REG_1,PORT_GROUP5_X PORT_GROUP5_Y,TDM TABLE configuration,TDM_ENTRY4_PORT_ID Physical port number in TDM entry4; TDM_ENTRY5_PORT_ID Physical port number in TDM entry5; TDM_ENTRY6_PORT_ID Physical port number in TDM entry6; TDM_ENTRY7_PORT_ID Physical port number in TDM entry7,2,0x120e0a06,no,unknown,0x00580001
PORT_GROUP5_TDM_REG_2,PORT_GROUP5_X PORT_GROUP5_Y,TDM TABLE configuration,TDM_ENTRY8_PORT_ID Physical port number in TDM entry8; TDM_ENTRY9_PORT_ID Physical port number in TDM entry9; TDM_ENTRY10_PORT_ID Physical port number in TDM entry10; TDM_ENTRY11_PORT_ID Physical port number in TDM entry11,2,0x130f0b07,no,unknown,0x00580002
PORT_GROUP5_TDM_REG_3,PORT_GROUP5_X PORT_GROUP5_Y,TDM TABLE configuration,TDM_ENTRY12_PORT_ID Physical port number in TDM entry12; TDM_ENTRY13_PORT_ID Physical port number in TDM entry13; TDM_ENTRY14_PORT_ID Physical port number in TDM entry14; TDM_ENTRY15_PORT_ID Physical port number in TDM entry15,2,0x14100c08,no,unknown,0x00580003
PORT_GROUP5_TDM_REG_4,PORT_GROUP5_X PORT_GROUP5_Y,TDM TABLE configuration,TDM_ENTRY16_PORT_ID Physical port number in TDM entry16; TDM_ENTRY17_PORT_ID Physical port number in TDM entry17; TDM_ENTRY18_PORT_ID Physical port number in TDM entry18; TDM_ENTRY19_PORT_ID Physical port number in TDM entry19,2,0x110d0905,no,unknown,0x00580004
PORT_GROUP5_TDM_REG_5,PORT_GROUP5_X PORT_GROUP5_Y,TDM TABLE configuration,TDM_ENTRY20_PORT_ID Physical port number in TDM entry20; TDM_ENTRY21_PORT_ID Physical port number in TDM entry21; TDM_ENTRY22_PORT_ID Physical port number in TDM entry22; TDM_ENTRY23_PORT_ID Physical port number in TDM entry23,2,0x120e0a06,no,unknown,0x00580005
PORT_GROUP5_TDM_REG_6,PORT_GROUP5_X PORT_GROUP5_Y,TDM TABLE configuration,TDM_ENTRY24_PORT_ID Physical port number in TDM entry24; TDM_ENTRY25_PORT_ID Physical port number in TDM entry25; TDM_ENTRY26_PORT_ID Physical port number in TDM entry26; TDM_ENTRY27_PORT_ID Physical port number in TDM entry27,2,0x130f0b07,no,unknown,0x00580006
PORT_GROUP5_TDM_REG_7,PORT_GROUP5_X PORT_GROUP5_Y,TDM TABLE configuration,TDM_ENTRY28_PORT_ID Physical port number in TDM entry28; TDM_ENTRY29_PORT_ID Physical port number in TDM entry29; TDM_ENTRY30_PORT_ID Physical port number in TDM entry30; TDM_ENTRY31_PORT_ID Physical port number in TDM entry31,2,0x14100c08,no,unknown,0x00580007
PORT_LAG_FAILOVER_SET_PARITY_CONTROL,IPIPE,"Parity Control for PORT_LAG_FAILOVER_SET table, FeatureSpecific-Ethernet",PARITY_EN        This bit enables parity checking for the PORT_LAG_FAILOVER_SET table.,1,0x00000001,no,low (parity init),0x0f180d28
PORT_MAX_PKT_SIZE,MMU,PORT_MAX_PKT_SIZE,"PORT_MAX_PKT_SIZE This is the maximum packet size for this input port (in cells). It is used when the global headroom is enabled, and the global headroom pool is tested to see if there are enough cells to receive the remaining portion of a partially received packet in case the packet turns out to be the largest size allowed.",54,0x0000002d,yes,HIGH (data path),0x02300022
PORT_MAX_SHARED_CELL,MMU,PORT_MAX_SHARED_CELL,PORT_MAX         Maximum shared cells for the input port.,2,0x0000b400,no,medium (MMU),0x02300021
PORT_MIN_PG_ENABLE,MMU,limit port min to these pgs,PG_BMP           only apply (and count) port min for these pgs,2,0x00000080,no,medium (MMU),0x02300137
PORT_PAUSE_ENABLE0_64,MMU,PORT_PAUSE_ENABLE0,PORT_PAUSE_ENABLE This is the enable bit per port to enable the pause state from going to gxport to generate pause frame for ports [36:0]; PORT_PAUSE_ENABLE_LO Overlay bitmap for ports [31:0].; PORT_PAUSE_ENABLE_HI Overlay bitmap for ports [36:32].,1,0x00000001ffffffff,no,medium (MMU),0x02380006
PORT_PAUSE_ENABLE1_64,MMU,PORT_PAUSE_ENABLE1,PORT_PAUSE_ENABLE This is the enable bit per port to enable the pause state from going to gxport to generate pause frame for ports [69:37].; PORT_PAUSE_ENABLE_LO Overlay bitmap for ports [68:37].; PORT_PAUSE_ENABLE_HI Overlay bitmap for port [68].,1,0x00000001fffe001f,no,medium (MMU),0x02380007
PORT_PG_SPID,MMU,PORT_PG_SPID,PG0_SPID         This register contains the mapping of input priority group to service pool ID (SPID). There is a separate register for each input port and it is initialized by software.; PG1_SPID         This register contains the mapping of input priority group to service pool ID (SPID). There is a separate register for each input port and it is initialized by software.; PG2_SPID         This register contains the mapping of input priority group to service pool ID (SPID). There is a separate register for each input port and it is initialized by software.; PG3_SPID         This register contains the mapping of input priority group to service pool ID (SPID). There is a separate register for each input port and it is initialized by software.; PG4_SPID         This register contains the mapping of input priority group to service pool ID (SPID). There is a separate register for each input port and it is initialized by software.; PG5_SPID         This register contains the mapping of input priority group to service pool ID (SPID). There is a separate register for each input port and it is initialized by software.; PG6_SPID         This register contains the mapping of input priority group to service pool ID (SPID). There is a separate register for each input port and it is initialized by software.; PG7_SPID         This register contains the mapping of input priority group to service pool ID (SPID). There is a separate register for each input port and it is initialized by software.,54,0x00004020,yes,HIGH (data path),0x02300073
PORT_PRI_GRP0,MMU,PORT_PRI_GRP0,"PRI0_GRP         This register contains the mapping of input priority to priority group. It is also used by the hardware for the reversemapping of PG to priorit(ies). There is a separate register for each input port and it is initialized by software.Values: 3'b00=PG0, 3'b001=PG1, 3'b010=PG2 and so on.; PRI1_GRP         This register contains the mapping of input priority to priority group. It is also used by the hardware for the reversemapping of PG to priorit(ies). There is a separate register for each input port and it is initialized by software.Values: 3'b00=PG0, 3'b001=PG1, 3'b010=PG2 and so on.; PRI2_GRP         This register contains the mapping of input priority to priority group. It is also used by the hardware for the reversemapping of PG to priorit(ies). There is a separate register for each input port and it is initialized by software.Values: 3'b00=PG0, 3'b001=PG1, 3'b010=PG2 and so on.; PRI3_GRP         This register contains the mapping of input priority to priority group. It is also used by the hardware for the reversemapping of PG to priorit(ies). There is a separate register for each input port and it is initialized by software.Values: 3'b00=PG0, 3'b001=PG1, 3'b010=PG2 and so on.; PRI4_GRP         This register contains the mapping of input priority to priority group. It is also used by the hardware for the reversemapping of PG to priorit(ies). There is a separate register for each input port and it is initialized by software.Values: 3'b00=PG0, 3'b001=PG1, 3'b010=PG2 and so on.; PRI5_GRP         This register contains the mapping of input priority to priority group. It is also used by the hardware for the reversemapping of PG to priorit(ies). There is a separate register for each input port and it is initialized by software.Values: 3'b00=PG0, 3'b001=PG1, 3'b010=PG2 and so on.; PRI6_GRP         This register contains the mapping of input priority to priority group. It is also used by the hardware for the reversemapping of PG to priorit(ies). There is a separate register for each input port and it is initialized by software.Values: 3'b00=PG0, 3'b001=PG1, 3'b010=PG2 and so on.; PRI7_GRP         This register contains the mapping of input priority to priority group. It is also used by the hardware for the reversemapping of PG to priorit(ies). There is a separate register for each input port and it is initialized by software.Values: 3'b00=PG0, 3'b001=PG1, 3'b010=PG2 and so on.",54,0x00e00080,no,medium (QoS / hash),0x02300070
PORT_PRI_XON_ENABLE,MMU,PORT_PRI_XON_ENABLE,PORT_PRI_XON_ENABLE This is an enable per priority per port to enable the generation of XON and XOFF LLFC messagesfor that priority.,2,0x00000080,no,medium (QoS / hash),0x02300072
PORT_RESUME_LIMIT_CELL,MMU,PORT_RESUME_LIMIT,CELLS            Resume limit for maximum shared cells limit state for the input port.,54,0x0000b3f0,no,medium (MMU),0x0230002c
PORT_SHARED_MAX_PG_ENABLE,MMU,limit port shared max to these pgs,PG_BMP           only apply (and count) port max shared for these pgs,2,0x00000080,no,medium (MMU),0x02300136
PORT_TABLE_ECC_CONTROL,IPIPE,"PORT_TABLE_ECC_CONTROL, FeatureSpecific-Ethernet",ECC_EN           This bit enables parity checking for the PORT_TABLE table.,1,0x00000001,no,low (parity init),0x01180d01
PP_C0_PORT_A_DATA_0,IPIPE,PP_C0_PORT_A_DATA_0,DATA_0           DATA bits 31:0,1,0xffffffff,no,unknown,0x06180332
PP_C0_PORT_A_DATA_1,IPIPE,PP_C0_PORT_A_DATA_1,DATA_1           DATA bits 63:32,1,0xffffefff,no,unknown,0x06180333
PP_C0_PORT_A_DATA_2,IPIPE,PP_C0_PORT_A_DATA_2,DATA_2           DATA bits 95:64,1,0xffffbfff,no,unknown,0x06180334
PP_C0_PORT_A_DATA_3,IPIPE,PP_C0_PORT_A_DATA_3,DATA_3           DATA bits 99:96,1,0x0000000f,no,unknown,0x06180335
PP_C0_PORT_B_DATA_0,IPIPE,PP_C0_PORT_B_DATA_0,DATA_0           DATA bits 31:0,1,0xffffffff,no,unknown,0x06180338
PP_C0_PORT_B_DATA_1,IPIPE,PP_C0_PORT_B_DATA_1,DATA_1           DATA bits 63:32,1,0xffffefff,no,unknown,0x06180339
PP_C0_PORT_B_DATA_2,IPIPE,PP_C0_PORT_B_DATA_2,DATA_2           DATA bits 95:64,1,0xffffbfff,no,unknown,0x0618033a
PP_C0_PORT_B_DATA_3,IPIPE,PP_C0_PORT_B_DATA_3,DATA_3           DATA bits 99:96,1,0x0000000f,no,unknown,0x0618033b
PP_C1_PORT_A_DATA_0,IPIPE,PP_C1_PORT_A_DATA_0,DATA_0           DATA bits 31:0,1,0xffffffff,no,unknown,0x0618033e
PP_C1_PORT_A_DATA_1,IPIPE,PP_C1_PORT_A_DATA_1,DATA_1           DATA bits 63:32,1,0xffffefff,no,unknown,0x0618033f
PP_C1_PORT_A_DATA_2,IPIPE,PP_C1_PORT_A_DATA_2,DATA_2           DATA bits 95:64,1,0xffffbfff,no,unknown,0x06180340
PP_C1_PORT_A_DATA_3,IPIPE,PP_C1_PORT_A_DATA_3,DATA_3           DATA bits 99:96,1,0x0000000f,no,unknown,0x06180341
PP_C1_PORT_B_DATA_0,IPIPE,PP_C1_PORT_B_DATA_0,DATA_0           DATA bits 31:0,1,0xffffffff,no,unknown,0x06180344
PP_C1_PORT_B_DATA_1,IPIPE,PP_C1_PORT_B_DATA_1,DATA_1           DATA bits 63:32,1,0xffffefff,no,unknown,0x06180345
PP_C1_PORT_B_DATA_2,IPIPE,PP_C1_PORT_B_DATA_2,DATA_2           DATA bits 95:64,1,0xffffbfff,no,unknown,0x06180346
PP_C1_PORT_B_DATA_3,IPIPE,PP_C1_PORT_B_DATA_3,DATA_3           DATA bits 99:96,1,0x0000000f,no,unknown,0x06180347
PP_C2_PORT_A_DATA_0,IPIPE,PP_C2_PORT_A_DATA_0,DATA_0           DATA bits 31:0,1,0xffffffff,no,unknown,0x0618034a
PP_C2_PORT_A_DATA_1,IPIPE,PP_C2_PORT_A_DATA_1,DATA_1           DATA bits 63:32,1,0xffffefff,no,unknown,0x0618034b
PP_C2_PORT_A_DATA_2,IPIPE,PP_C2_PORT_A_DATA_2,DATA_2           DATA bits 95:64,1,0xffffbfff,no,unknown,0x0618034c
PP_C2_PORT_A_DATA_3,IPIPE,PP_C2_PORT_A_DATA_3,DATA_3           DATA bits 99:96,1,0x0000000f,no,unknown,0x0618034d
PP_C2_PORT_B_DATA_0,IPIPE,PP_C2_PORT_B_DATA_0,DATA_0           DATA bits 31:0,1,0xffffffff,no,unknown,0x06180350
PP_C2_PORT_B_DATA_1,IPIPE,PP_C2_PORT_B_DATA_1,DATA_1           DATA bits 63:32,1,0xffffefff,no,unknown,0x06180351
PP_C2_PORT_B_DATA_2,IPIPE,PP_C2_PORT_B_DATA_2,DATA_2           DATA bits 95:64,1,0xffffbfff,no,unknown,0x06180352
PP_C2_PORT_B_DATA_3,IPIPE,PP_C2_PORT_B_DATA_3,DATA_3           DATA bits 99:96,1,0x0000000f,no,unknown,0x06180353
PP_C3_PORT_A_DATA_0,IPIPE,PP_C3_PORT_A_DATA_0,DATA_0           DATA bits 31:0,1,0xffffffff,no,unknown,0x06180356
PP_C3_PORT_A_DATA_1,IPIPE,PP_C3_PORT_A_DATA_1,DATA_1           DATA bits 63:32,1,0xffffefff,no,unknown,0x06180357
PP_C3_PORT_A_DATA_2,IPIPE,PP_C3_PORT_A_DATA_2,DATA_2           DATA bits 95:64,1,0xffffbfff,no,unknown,0x06180358
PP_C3_PORT_A_DATA_3,IPIPE,PP_C3_PORT_A_DATA_3,DATA_3           DATA bits 99:96,1,0x0000000f,no,unknown,0x06180359
PP_C3_PORT_B_DATA_0,IPIPE,PP_C3_PORT_B_DATA_0,DATA_0           DATA bits 31:0,1,0xffffffff,no,unknown,0x0618035c
PP_C3_PORT_B_DATA_1,IPIPE,PP_C3_PORT_B_DATA_1,DATA_1           DATA bits 63:32,1,0xffffefff,no,unknown,0x0618035d
PP_C3_PORT_B_DATA_2,IPIPE,PP_C3_PORT_B_DATA_2,DATA_2           DATA bits 95:64,1,0xffffbfff,no,unknown,0x0618035e
PP_C3_PORT_B_DATA_3,IPIPE,PP_C3_PORT_B_DATA_3,DATA_3           DATA bits 99:96,1,0x0000000f,no,unknown,0x0618035f
PQEFIFOEMPTY0_64,MMU,PQE fifo empty status,FIFOEMPTY        The port bitmap of fifo empty for MMU Port 0 - 32.,1,0x00000001ffffffff,no,medium (MMU),0x1d380008
PQEFIFOEMPTY1_64,MMU,PQE fifo empty status,FIFOEMPTY        The port bitmap of fifo empty for MMU Port 33 - 65.,1,0x00000001ffffffff,no,medium (MMU),0x1d380009
PQEFIFOPTREQUAL0_64,MMU,PQE fifo wr-rd ptr status,FIFOEMPTY        The port bitmap of fifo wr-rd ptr status for MMU port 0-32.,1,0x00000001ffffffff,no,medium (MMU),0x1d380014
PQEFIFOPTREQUAL1_64,MMU,PQE fifo wr-rd ptr status,FIFOEMPTY        The port bitmap of fifo wr-rd ptr status for MMU port 33 - 65.,1,0x00000001ffffffff,no,medium (MMU),0x1d380015
PWR_WATCH_DOG_STATUS_MBX,MMU,Power watch dog status register,"GOOD_COUNT       When ENABLE=1, GOOD_COUNT indicate how may GOOD cycles in 2^30 core clock cycles (about 2.5 seconds). Set ENABLE=0 to clear the counter value. Set ENABLE = 1 again to measure another 2.5 second windows; GOOD             RAW data from power watch dog, it changes every core clock cycle, when ENABLE=1. GOOD = 1 indicates that supply was sufficient to evaluate critical path during the cycle before the previous clock cycles. GOOD = 0 indicates that supply was not sufficient during that window.",1,0x80000000,no,medium (MMU),0x05380009
PWR_WATCH_DOG_STATUS_MBY,MMU,Power watch dog status register,"GOOD_COUNT       When ENABLE=1, GOOD_COUNT indicate how may GOOD cycles in 2^30 core clock cycles (about 2.5 seconds). Set ENABLE=0 to clear the counter value. Set ENABLE = 1 again to measure another 2.5 second windows; GOOD             RAW data from power watch dog, it changes every core clock cycle, when ENABLE=1. GOOD = 1 indicates that supply was sufficient to evaluate critical path during the cycle before the previous clock cycles. GOOD = 0 indicates that supply was not sufficient during that window.",1,0x80000000,no,medium (MMU),0x0538000b
R1023,XLPORT0 XLPORT1 XLPORT2 XLPORT3 XLPORT4 XLPORT5 XLPORT6 XLPORT7 XLPORT8 XLPORT9 XLPORT10 XLPORT11 XLPORT12 XLPORT13 XLPORT14 XLPORT15 XLPORT16 XLPORT17,Receive 512 to 1023 Byte Frame Counter,,2,0x0000000000000003,no,unknown,0x00500004
R127,XLPORT0 XLPORT1 XLPORT2 XLPORT3 XLPORT4 XLPORT5 XLPORT6 XLPORT7 XLPORT8 XLPORT9 XLPORT10 XLPORT11 XLPORT12 XLPORT13 XLPORT14 XLPORT15 XLPORT16 XLPORT17,Receive 65 to 127 Byte Frame Counter,,2,0x000000000000058a,no,unknown,0x00500001
R1518,XLPORT0 XLPORT1 XLPORT2 XLPORT3 XLPORT4 XLPORT5 XLPORT6 XLPORT7 XLPORT8 XLPORT9 XLPORT10 XLPORT11 XLPORT12 XLPORT13 XLPORT14 XLPORT15 XLPORT16 XLPORT17,Receive 1024 to 1518 Byte Frame Counter,,1,0x0000000000000001,no,unknown,0x00500005
R255,XLPORT0 XLPORT1 XLPORT2 XLPORT3 XLPORT4 XLPORT5 XLPORT6 XLPORT7 XLPORT8 XLPORT9 XLPORT10 XLPORT11 XLPORT12 XLPORT13 XLPORT14 XLPORT15 XLPORT16 XLPORT17,Receive 128 to 255 Byte Frame Counter,,2,0x0000000000000010,no,unknown,0x00500002
R511,XLPORT0 XLPORT1 XLPORT2 XLPORT3 XLPORT4 XLPORT5 XLPORT6 XLPORT7 XLPORT8 XLPORT9 XLPORT10 XLPORT11 XLPORT12 XLPORT13 XLPORT14 XLPORT15 XLPORT16 XLPORT17,Receive 256 to 511 Byte Frame Counter,,2,0x00000000000000a1,no,unknown,0x00500003
R64,XLPORT0 XLPORT1 XLPORT2 XLPORT3 XLPORT4 XLPORT5 XLPORT6 XLPORT7 XLPORT8 XLPORT9 XLPORT10 XLPORT11 XLPORT12 XLPORT13 XLPORT14 XLPORT15 XLPORT16 XLPORT17,Receive 64 Byte Frame Counter,,2,0x0000000000000016,no,unknown,0x00500000
RBCA,XLPORT0 XLPORT1 XLPORT2 XLPORT3 XLPORT4 XLPORT5 XLPORT6 XLPORT7 XLPORT8 XLPORT9 XLPORT10 XLPORT11 XLPORT12 XLPORT13 XLPORT14 XLPORT15 XLPORT16 XLPORT17,Receive Broadcast Frame Counter,,2,0x0000000000000003,no,unknown,0x0050000e
RBYT,XLPORT0 XLPORT1 XLPORT2 XLPORT3 XLPORT4 XLPORT5 XLPORT6 XLPORT7 XLPORT8 XLPORT9 XLPORT10 XLPORT11 XLPORT12 XLPORT13 XLPORT14 XLPORT15 XLPORT16 XLPORT17,Receive Byte Counter,,2,0x000000000002b5c1,no,unknown,0x00500034
RDBGC0_SELECT,IPIPE,Receive debug counter #0 Trigger Select Register.,BITMAP           The RDBGC0_SELECT register is programmed to select which triggers increment this counter.,1,0x04000d11,yes,medium (diag/counter),0x0f180614
RDBGC1,IPIPE,Receive debug counter #1.,,2,0x0000046b,no,medium (diag/counter),0x0f10000c
RDBGC1_SELECT,IPIPE,Receive debug counter #1 Trigger Select Register.,BITMAP           The RDBGC1_SELECT register is programmed to select which triggers increment this counter.,1,0x00001000,no,medium (diag/counter),0x0f180615
RDBGC2_SELECT,IPIPE,Receive debug counter #2 Trigger Select Register.,BITMAP           The RDBGC2_SELECT register is programmed to select which triggers increment this counter.,1,0x00004000,no,medium (diag/counter),0x0f180616
RDBGC3_SELECT,IPIPE,Receive debug counter #3 Trigger Select Register.,BITMAP           The RDBGC3_SELECT register is programmed to select which triggers increment this counter.,1,0x00000011,yes,medium (diag/counter),0x0f180617
RDBGC4_SELECT,IPIPE,Receive debug counter #4 Trigger Select Register.,BITMAP           The RDBGC4_SELECT register is programmed to select which triggers increment this counter.,1,0x00000100,yes,medium (diag/counter),0x0f180618
RDBGC5_SELECT,IPIPE,Receive debug counter #5 Trigger Select Register.,BITMAP           The RDBGC5_SELECT register is programmed to select which triggers increment this counter.,1,0x00002000,yes,medium (diag/counter),0x0f180619
RDBGC6_SELECT,IPIPE,Receive debug counter #6 Trigger Select Register.,BITMAP           The RDBGC6_SELECT register is programmed to select which triggers increment this counter.,1,0x00008000,yes,medium (diag/counter),0x0f18061a
RDBGC_MEM_INST0_PARITY_CONTROL,IPIPE,"Parity Control for fixed and flexible debug counters, FeatureSpecific-Ethernet",PARITY_EN        This bit enables parity checking for RDISC/RUC/RPORTD/RDBGC0.,1,0x00000001,no,medium (diag/counter),0x0f180d84
RDBGC_MEM_INST1_PARITY_CONTROL,IPIPE,"Parity Control for flexible debug counters, FeatureSpecific-Ethernet",PARITY_EN        This bit enables parity checking for RDBGC1/RDBCG2/RDBGC3/RDBGC4.,1,0x00000001,no,medium (diag/counter),0x0f180d87
RDBGC_MEM_INST2_PARITY_CONTROL,IPIPE,"Parity Control for flexible debug counters, FeatureSpecific-Ethernet",PARITY_EN        This bit enables parity checking for RDBGC5/RDBGC6/RDBGC7/RDBGC8.,1,0x00000001,no,medium (diag/counter),0x0f180d8a
RIPC4,IPIPE,Receive IPv4 L3 Unicast Frame Counter.,,2,0x00000132,no,unknown,0x0f100001
RMCA,XLPORT0 XLPORT1 XLPORT2 XLPORT3 XLPORT4 XLPORT5 XLPORT6 XLPORT7 XLPORT8 XLPORT9 XLPORT10 XLPORT11 XLPORT12 XLPORT13 XLPORT14 XLPORT15 XLPORT16 XLPORT17,Receive Multicast Frame Counter,,2,0x0000000000000500,no,unknown,0x0050000d
RPKT,XLPORT0 XLPORT1 XLPORT2 XLPORT3 XLPORT4 XLPORT5 XLPORT6 XLPORT7 XLPORT8 XLPORT9 XLPORT10 XLPORT11 XLPORT12 XLPORT13 XLPORT14 XLPORT15 XLPORT16 XLPORT17,Receive frame/packet Counter,,2,0x0000000000000655,no,unknown,0x0050000b
RPOK,XLPORT0 XLPORT1 XLPORT2 XLPORT3 XLPORT4 XLPORT5 XLPORT6 XLPORT7 XLPORT8 XLPORT9 XLPORT10 XLPORT11 XLPORT12 XLPORT13 XLPORT14 XLPORT15 XLPORT16 XLPORT17,Receive Good Packet Counter,,2,0x0000000000000655,no,unknown,0x00500022
RTAG7_HASH_CONTROL_3,IPIPE,Hash control register 2 for Rtag7 hashing.,"HASH_A0_FUNCTION_SELECT Select for A0 hash result. Values are:0000: Reserved0001: Reserved0010: Reserved0011: CRC16_BISYNC (16-bit CRC16 using CRC16-BISYNC polynomial)0100: CRC16_BISYNC_AND_XOR1 (Upper 8 bits of CRC16-BISYNC and 8-bit XOR1)0101: CRC16_BISYNC_AND_XOR2 (Upper 8 bits of CRC16-BISYNC and 8-bit XOR2)0110: CRC16_BISYNC_AND_XOR4 (Upper 8 bits of CRC16-BISYNC and 8-bit XOR4)0111: CRC16_BISYNC_AND_XOR8 (Upper 8 bits of CRC16-BISYNC and 8-bit XOR8)1000: XOR161001: CRC16_CCITT (16-bit CRC16 using CRC16-CCITT polynomial)1010: CRC32_LO (16 LSB's of computed CRC32)1011: CRC32_HI (16 MSB's of computed CRC32)1100: Reserved1101: Reserved1110: Reserved1111: Reserved; HASH_A1_FUNCTION_SELECT Select for A1 hash result. Values are same as described in HASH_A0_FUNCTION_SELECT.; HASH_PRE_PROCESSING_ENABLE_A If set, enables the application of the pre-processing function to each of the hash bins in hash computation block A.; HASH_B0_FUNCTION_SELECT Select for B0 hash result. Values are same as described in HASH_A0_FUNCTION_SELECT.; HASH_B1_FUNCTION_SELECT Select for B1 hash result. Values are same as described in HASH_A0_FUNCTION_SELECT.; HASH_PRE_PROCESSING_ENABLE_B If set, enables the application of the pre-processing function to each of the hash bins in hash computation block B.",1,0x00000009,yes,medium (QoS / hash),0x0518061a
RTAG7_HASH_FIELD_BMAP_1,IPIPE,Rtag7 hashing field selection bitmap register1.,IPV4_FIELD_BITMAP_A Hash field selection for IPv4 pkts for hash A.; IPV4_FIELD_BITMAP_B Hash field selection for IPv4 pkts for hash B.,1,0x00000f1c,yes,medium (QoS / hash),0x0518060c
RTAG7_HASH_FIELD_BMAP_2,IPIPE,Rtag7 hashing field selection bitmap register2.,IPV6_FIELD_BITMAP_A Hash field selection for IPv6 pkts for hash A.; IPV6_FIELD_BITMAP_B Hash field selection for IPv6 pkts for hash B.,1,0x00000f1c,yes,medium (QoS / hash),0x0518060d
RTAG7_HASH_SEED_A,IPIPE,Hash Seed for Rtag7 hashing.,HASH_SEED_A      Hash seed for Rtag7 hash A.,1,0x0000002a,yes,medium (QoS / hash),0x05180615
RTAG7_HASH_TRILL_ECMP,IPIPE,RTAG7 hash control register for TRILL ECMP.,SUB_SEL          Hash subset selection for rtag7.; OFFSET           Offset of LSB for picking the hash value from the subset selected.; SUB_SEL_PAGE     Hash subset selection for rtag7.; OFFSET_PAGE      Offset of LSB for picking the hash value from the subset selected.,2,0x00004000,no,medium (QoS / hash),0x0b180623
RTAG7_IPV4_TCP_UDP_HASH_FIELD_BMAP_1,IPIPE,Rtag7 IPV4 TCP/UDP Source-equals-Dest Field Bitmap control register.,"IPV4_TCP_UDP_SRC_EQ_DST_FIELD_BITMAP_A Field-selection bitmap for unfragmented IPV4 packets carrying TCP or UDP payloads, where L4 source port equals the L4 destination port. Each of the 13 bits controls one of the 13 bins in field selection block A. Values are:0: Bin value is 01: Bin gets value from associated packet field; IPV4_TCP_UDP_SRC_EQ_DST_FIELD_BITMAP_B Field-selection bitmap for unfragmented IPV4 packets carrying TCP or UDP payloads, where L4 source port equals the L4 destination port. Each of the 13 bits controls one of the 13 bins in field selection block B. Values are:0: Bin value is 01: Bin gets value from associated packet field",1,0x00000f3c,yes,medium (QoS / hash),0x0518061b
RTAG7_IPV4_TCP_UDP_HASH_FIELD_BMAP_2,IPIPE,Rtag7 IPV4 TCP/UDP Field Bitmap control register.,IPV4_TCP_UDP_FIELD_BITMAP_A Field-selection bitmap for unfragmented IPV4 packets carrying TCP or UDP payloads. Each of the 13 bits controls one of the 13 bins in field selection block A. Values are:0: Bin value is 01: Bin gets value from associated packet field; IPV4_TCP_UDP_FIELD_BITMAP_B Field-selection bitmap for unfragmented IPV4 packets carrying TCP or UDP payloads. Each of the 13 bits controls one of the 13 bins in field selection block B. Values are:0: Bin value is 01: Bin gets value from associated packet field,1,0x00000f7c,yes,medium (QoS / hash),0x0518061c
RTAG7_IPV6_TCP_UDP_HASH_FIELD_BMAP_1,IPIPE,Rtag7 IPV6 TCP/UDP Source=Dest Field Bitmap control register.,"IPV6_TCP_UDP_SRC_EQ_DST_FIELD_BITMAP_A Field-selection bitmap for unfragmented IPV6 packets carrying TCP or UDP payloads, where L4 source port equals the L4 destination port. Each of the 13 bits controls one of the 13 bins in field selection block A. Values are:0: Bin value is 01: Bin gets value from associated packet field; IPV6_TCP_UDP_SRC_EQ_DST_FIELD_BITMAP_B Field-selection bitmap for unfragmented IPV6 packets carrying TCP or UDP payloads, where L4 source port equals the L4 destination port. Each of the 13 bits controls one of the 13 bins in field selection block B. Values are:0: Bin value is 01: Bin gets value from associated packet field",1,0x00000f3c,yes,medium (QoS / hash),0x0518061d
RTAG7_IPV6_TCP_UDP_HASH_FIELD_BMAP_2,IPIPE,Rtag7 IPV6 TCP/UDP Field Bitmap control register.,IPV6_TCP_UDP_FIELD_BITMAP_A Field-selection bitmap for unfragmented IPV6 packets carrying TCP or UDP payloads. Each of the 13 bits controls one of the 13 bins in field selection block A. Values are:0: Bin value is 01: Bin gets value from associated packet field; IPV6_TCP_UDP_FIELD_BITMAP_B Field-selection bitmap for unfragmented IPV6 packets carrying TCP or UDP payloads. Each of the 13 bits controls one of the 13 bins in field selection block B. Values are:0: Bin value is 01: Bin gets value from associated packet field; IPV6_SRCDST_FIELD_SEL Controls the values used to populate the L4 SRC/DST bins forIPv6 packets with extension headers. Values are:0 = Fill zeros (backwards-compatible mode)1 = Fill with values of L4 SRC/DST fields,1,0x00000f7c,yes,medium (QoS / hash),0x0518061e
RUC,IPIPE,Receive Unicast Counter.,,2,0x00000152,no,unknown,0x0f100009
RUCA,XLPORT0 XLPORT1 XLPORT2 XLPORT3 XLPORT4 XLPORT5 XLPORT6 XLPORT7 XLPORT8 XLPORT9 XLPORT10 XLPORT11 XLPORT12 XLPORT13 XLPORT14 XLPORT15 XLPORT16 XLPORT17,Receive Unicast Frame Counter,,2,0x0000000000000152,no,unknown,0x0050000c
S2_CONFIG,MMU,Egress Scheduler Configuration Register for stage 2 scheduler,SCHEDULING_SELECT Scheduling Mode Options0: Strict Priority (SP) scheduling among valid queues (default value).1: Round Robin (RR) scheduling among valid queues.2: Weighted Round Robin (WRR) _packet_ scheduling according to each queue's weight.3: Weighted Elastic Round Robin (WERR) _byte_ scheduling according to each queue's weight.Mapped as:bit [1:0] group s2.0bit [3:2] group s2.1bit [5:4] group s2.2,53,0x0000003f,yes,HIGH (data path),0x1a300000
S2_COSWEIGHTS,MMU,Egress Scheduler Weight for each queue in WRR & WERR modes,"COSWEIGHTS       When Weighted Round Robin Scheduling is selected, the value is in unit of packets.The higher the number, the more packets get scheduled per scheduling round.When Weighted Elastic Round Robin Scheduling is selected, the value is purely relative among the queues. The higher the relative value the more bandwidth is given to this queue.If value is reset to zero, it means this queue will be treated as Strict Priorityscheduling while the other queues are in WRR or WERR scheduling.NOTE: The addressing is based on the standard queue indexing in S2:address   0: S3.0address   1: S3.1address   2: S3.2address   3: S3.3address   4: UC0 (only available if S3_CONFIG.ROUTE_UC_TO_S2 is set)address   5: UC1 (only available if S3_CONFIG.ROUTE_UC_TO_S2 is set)address   6: UC2 (only available if S3_CONFIG.ROUTE_UC_TO_S2 is set)address   7: UC3 (only available if S3_CONFIG.ROUTE_UC_TO_S2 is set)address   8: UC4address   9: UC5address  10: UC6address  11: UC7; PARITY           Parity for cosweight",468,0x00000090,no,medium (QoS / hash),0x1a300010
S2_S3_ROUTING,MMU,"The S3 group number routed to this S2 ETS group input, 0x1F means no connection",S3_GROUP_NO_I0   The S3 group number routed to input 0 on this ETS group; S3_GROUP_NO_I1   The S3 group number routed to input 1 on this ETS group; S3_GROUP_NO_I2   The S3 group number routed to input 2 on this ETS group; S3_GROUP_NO_I3   The S3 group number routed to input 3 on this ETS group; S3_GROUP_NO_I4   The S3 group number routed to input 4 on this ETS group; S3_GROUP_NO_I5   The S3 group number routed to input 5 on this ETS group; S3_GROUP_NO_I6   The S3 group number routed to input 6 on this ETS group; S3_GROUP_NO_I7   The S3 group number routed to input 7 on this ETS group; S3_GROUP_NO_I8   The S3 group number routed to input 8 on this ETS group,159,0x00001ff814941ca4,no,medium (QoS / hash),0x1a3000e0
S2_WERRCOUNT,MMU,The count in the bucket controlling WERR/WRR.,"COUNT            Count shows tokens currently available for this queue; SIGN             Sign (set if negative) shows queue is currently not eligible for service, has already used its tokens; PARITY           Parity for werr credit count field",2,0x01000010,no,medium (MMU),0x1a3000d0
S3_CONFIG,MMU,Egress Scheduler Configuration Register for stage 3 scheduler S3,SCHEDULING_SELECT Scheduling Mode Options0: Strict Priority (SP) scheduling among valid queues (default value).1: Round Robin (RR) scheduling among valid queues.2: Weighted Round Robin (WRR) _packet_ scheduling according to each queue's weight.3: Weighted Elastic Round Robin (WERR) _byte_ scheduling according to each queue's weight.Mapped as:bit [1:0] group s3.0bit [3:2] group s3.1bit [5:4] group s3.2bit [7:6] group s3.3; ROUTE_UC_TO_S2   Route the 4 UC queues[3:0] directly to the 3 S2 groups (instead of default mixing UC/MC into S3 groups 0 to 3).Note that UC[7:4] are always routed to S2.,53,0x000001ff,yes,HIGH (data path),0x19300000
S3_COSWEIGHTS,MMU,Egress Scheduler Weight for each queue in WRR & WERR modes,"COSWEIGHTS       When Weighted Round Robin Scheduling is selected, the value is in unit of packets.The higher the number, the more packets get scheduled per scheduling round.When Weighted Elastic Round Robin Scheduling is selected, the value is purely relative among the queues. The higher the relative value the more bandwidth is given to this queue.If value is reset to zero, it means this queue will be treated as Strict Priorityscheduling while the other queues are in WRR or WERR scheduling.NOTE: The addressing is based on the standard queue mapping in S3:for VOQ ports 1..4:address   0: MC0address   1: UC0address   2: EUC0address   3: EUC1..       ..  ..address  17: EUC15address  18: MC1address  19: UC1address  20: EUC16..       ..  ..address  35: EUC23..etcfor other ports:address   0: MC0address   1: UC0address   2: MC1address   3: UC1address   4: MC2address   5: UC2address   6: MC3address   7: UC3; PARITY           Parity for cosweight",928,0x00000090,no,medium (QoS / hash),0x19300010
SHAPING_CONTROL,IPIPE,Specifies the port(s) that is (are) CPU.,"ENABLE           Selecting between byte mode and packet mode for shaping.  0 - byte mode, 1 - packet mode[9:0] for uc[14:10] for mc[18:15] for s2 output[22:19] for s1 outputfor special ports: 47:23 for queue[24:0]; CMIC             Software Block Flag for CMIC; EPIPE            Software Block Flag for EPIPE; IPIPE            Software Block Flag for IPIPE; LBPORT           Software Block Flag for LBPORT; MMU              Software Block Flag for MMU; PORT_GROUP4      Software Block Flag for PORT_GROUP4; PORT_GROUP5      Software Block Flag for PORT_GROUP5; XLPORT           Software Block Flag for XLPORT; V6_ENABLE        Enable per source module id.; USE_MH_PRIORITY  Control to indicate the MH PRIORITY should be used.; MIM_MC_PROXY_ENABLE When set, enable I-SID lookups for incoming BC/L2MC multicast HG packets that are MAC-in-MAC encapsulated.; BASE             Index into the system port table for this feature.; EVEN_PARITY      PARITY BIT to make the entry parity even.",1,0x0000000300000000,no,unknown,0x0a3005c0
SOURCE_TRUNK_MAP_MODVIEW_PARITY_CONTROL,IPIPE,"SOURCE_TRUNK_MAP_MODVIEW_PARITY_CONTROL, FeatureSpecific-Ethernet",PARITY_EN        This bit enables parity checking for the SOURCE_TRUNK_MAP_MODVIEW table.,1,0x00000001,no,low (parity init),0x01180d0a
SOURCE_VP_PARITY_CONTROL,IPIPE,"SOURCE_VP_PARITY_CONTROL, FeatureSpecific-Ethernet",PARITY_EN        This bit enables parity checking for the SOURCE_VP table.,1,0x00000001,no,low (parity init),0x05180d0c
SRC_MODID_EGRESS_PARITY_CONTROL,IPIPE,"Parity Control for SRC_MODID_EGRESS table, FeatureSpecific-Ethernet",PARITY_EN        This bit enables parity checking for the SRC_MODID_EGRESS table.,1,0x00000001,no,low (parity init),0x0f180d4c
SRC_MODID_INGRESS_BLOCK_PARITY_CONTROL,IPIPE,"Parity Control for SRC_MODID_INGRESS_BLOCK table, FeatureSpecific-Ethernet",PARITY_EN        This bit enables parity checking for the SRC_MODID_INGRESS_BLOCK table.,1,0x00000001,no,low (parity init),0x0f180d49
SRC_TRUNK_ECC_CONTROL,IPIPE,SRC_TRUNK_ECC_CONTROL,ECC_EN           This bit enables ecc checking for the SRC_TRUNK table.,1,0x00000001,no,low (parity init),0x02180d18
STORM_CONTROL_METER_CONFIG,IPIPE,Per-port configuration and enables for storm control meters.,"PACKET_QUANTUM   Number of tokens consumed by each packet when storm control meters are in packet mode (METER_BYTE_MODE=0).; BYTE_MODE        0=Packet-based metering, 1=Byte-based metering.; BCAST_ENABLE     Turn on storm control metering for broadcast packets.; KNOWN_L2MC_ENABLE Turn on storm control metering for known L2MC packets.; UNKNOWN_L2MC_ENABLE Turn on storm control metering for unknown L2MC packets.; KNOWN_IPMC_ENABLE Turn on storm control metering for known IPMC packets.; UNKNOWN_IPMC_ENABLE Turn on storm control metering for unknown IPMC packets.; DLFBC_ENABLE     Turn on storm control metering for unknown IPMC packets.",52,0x00000fa0,no,unknown,0x0c100602
STORM_CONTROL_METER_MAPPING,IPIPE,Storm Meter Controls - each field select one of four storm meters to use for the given packet type.,BCAST_METER_INDEX Selects 1 of 4 storm control meters for broacdcast packets.; KNOWN_L2MC_METER_INDEX Selects 1 of 4 storm control meters for known L2MC packets.; UNKNOWN_L2MC_METER_INDEX Selects 1 of 4 storm control meters for unknown L2MC packets.; KNOWN_IPMC_METER_INDEX Selects 1 of 4 storm control meters for known IPMC packets.; UNKNOWN_IPMC_METER_INDEX Selects 1 of 4 storm control meters for unknown IPMC packets.; DLFBC_METER_INDEX Selects 1 of 4 storm control meters for DLF bradcast packets.,1,0x00000e64,no,unknown,0x0c180601
SW2_EOP_BUFFER_A_PARITY_CONTROL,IPIPE,"Parity Control for SW2_EOP_BUFFER_A table, FeatureSpecific-Ethernet",PARITY_EN        This bit enables parity checking for the SW2_EOP_BUFFER_A table.,1,0x00000001,no,HIGH (data path),0x0f180d79
SW2_EOP_BUFFER_B_PARITY_CONTROL,IPIPE,"Parity Control for SW2_EOP_BUFFER_B table, FeatureSpecific-Ethernet",PARITY_EN        This bit enables parity checking for the SW2_EOP_BUFFER_B table.,1,0x00000001,no,HIGH (data path),0x0f180d7b
SW2_EOP_BUFFER_C_PARITY_CONTROL,IPIPE,"Parity Control for SW2_EOP_BUFFER_C table, FeatureSpecific-Ethernet",PARITY_EN        This bit enables parity checking for the SW2_EOP_BUFFER_C table.,1,0x00000001,no,HIGH (data path),0x0f180d7d
SW2_FP_DST_ACTION_CONTROL,IPIPE,"Enable functions when IFP generates a REDIRECT, REPLACE_PBM or OR_PBM action.",SRC_REMOVAL_EN   Enables L2 Source Knockout.; HG_SRC_REMOVAL_EN Enables L2 Source Knockout.; LAG_RES_EN       Enables Trunk Resolution.; HGTRUNK_RES_EN   Enables HiGiG Trunk Resolution.; VLAN_CHECK_EN    Enables Ingress VLAN Membership checks.; PORT_BLOCK_EN    Enables application of various port block masks.; VLAN_BLOCK_EN    Enables application of vlan block masks.,1,0x0000000c,no,medium (ACL / filter),0x0f180665
SYSTEM_CONFIG_MODVIEW_PARITY_CONTROL,IPIPE,"SYSTEM_CONFIG_MODVIEW_PARITY_CONTROL, FeatureSpecific-Ethernet",PARITY_EN        This bit enables parity checking for the SYSTEM_CONFIG_MODVIEW table.,1,0x00000001,no,low (parity init),0x01180d07
SYSTEM_CONFIG_PARITY_CONTROL,IPIPE,"SYSTEM_CONFIG_PARITY_CONTROL, FeatureSpecific-Ethernet",PARITY_EN        This bit enables parity checking for the SYSTEM_CONFIG table.,1,0x00000001,no,low (parity init),0x01180d04
T1023,XLPORT0 XLPORT1 XLPORT2 XLPORT3 XLPORT4 XLPORT5 XLPORT6 XLPORT7 XLPORT8 XLPORT9 XLPORT10 XLPORT11 XLPORT12 XLPORT13 XLPORT14 XLPORT15 XLPORT16 XLPORT17,Transmit 512 to 1023 Byte Frame Counter,,1,0x0000000000000001,no,unknown,0x0050003d
T127,XLPORT0 XLPORT1 XLPORT2 XLPORT3 XLPORT4 XLPORT5 XLPORT6 XLPORT7 XLPORT8 XLPORT9 XLPORT10 XLPORT11 XLPORT12 XLPORT13 XLPORT14 XLPORT15 XLPORT16 XLPORT17,Transmit 65 to 127 Byte Frame Counter,,2,0x0000000000000649,no,unknown,0x0050003a
T255,XLPORT0 XLPORT1 XLPORT2 XLPORT3 XLPORT4 XLPORT5 XLPORT6 XLPORT7 XLPORT8 XLPORT9 XLPORT10 XLPORT11 XLPORT12 XLPORT13 XLPORT14 XLPORT15 XLPORT16 XLPORT17,Transmit 128 to 255 Byte Frame Counter,,2,0x0000000000000007,no,unknown,0x0050003b
T511,XLPORT0 XLPORT1 XLPORT2 XLPORT3 XLPORT4 XLPORT5 XLPORT6 XLPORT7 XLPORT8 XLPORT9 XLPORT10 XLPORT11 XLPORT12 XLPORT13 XLPORT14 XLPORT15 XLPORT16 XLPORT17,Transmit 256 to 511 Byte Frame Counter,,1,0x0000000000000002,no,unknown,0x0050003c
TBCA,XLPORT0 XLPORT1 XLPORT2 XLPORT3 XLPORT4 XLPORT5 XLPORT6 XLPORT7 XLPORT8 XLPORT9 XLPORT10 XLPORT11 XLPORT12 XLPORT13 XLPORT14 XLPORT15 XLPORT16 XLPORT17,Transmit Broadcast Frame Counter,,2,0x0000000000000001,no,unknown,0x00500048
TBYT,IPIPE,"TCP function table to map TCP Flags to any value for an IFP key, FeatureSpecific-Ethernet.","FN0              First output function for a given set of TCP flags (syn, ack, fin, push, urg, rst) which is used as the table address.; FN1              Second output function for a given set of TCP flags.",2,0x0000000000026720,no,unknown,0x00500064
TDBGC0_SELECT,EPIPE,Transmit debug counter #0 Trigger Select Register.,BITMAP           The TDBGC0_SELECT register is programmed to select which triggers increment this counter.,1,0x00000050,no,medium (diag/counter),0x0a280620
TDBGC1_SELECT,EPIPE,Transmit debug counter #1 Trigger Select Register.,BITMAP           The TDBGC1_SELECT register is programmed to select which triggers increment this counter.,1,0x000000a0,no,medium (diag/counter),0x0a280621
TDBGC2_SELECT,EPIPE,Transmit debug counter #2 Trigger Select Register.,BITMAP           The TDBGC2_SELECT register is programmed to select which triggers increment this counter.,1,0x00000040,no,medium (diag/counter),0x0a280622
TDBGC3_SELECT,EPIPE,Transmit debug counter #3 Trigger Select Register.,BITMAP           The TDBGC3_SELECT register is programmed to select which triggers increment this counter.,1,0x00040000,no,medium (diag/counter),0x0a280623
TDBGC4_SELECT,EPIPE,Transmit debug counter #4 Trigger Select Register.,BITMAP           The TDBGC4_SELECT register is programmed to select which triggers increment this counter.,1,0x00000011,no,medium (diag/counter),0x0a280624
TDBGC5_SELECT,EPIPE,Transmit debug counter #5 Trigger Select Register.,BITMAP           The TDBGC5_SELECT register is programmed to select which triggers increment this counter.,1,0x00000088,no,medium (diag/counter),0x0a280625
TDBGC6_SELECT,EPIPE,Transmit debug counter #6 Trigger Select Register.,BITMAP           The TDBGC6_SELECT register is programmed to select which triggers increment this counter.,1,0x00040000,yes,medium (diag/counter),0x0a280626
TMCA,XLPORT0 XLPORT1 XLPORT2 XLPORT3 XLPORT4 XLPORT5 XLPORT6 XLPORT7 XLPORT8 XLPORT9 XLPORT10 XLPORT11 XLPORT12 XLPORT13 XLPORT14 XLPORT15 XLPORT16 XLPORT17,Transmit Multicast Frame Counter,,2,0x00000000000004d7,no,unknown,0x00500047
TOQ_EP_CREDIT,MMU,Egress cell request counter,"COUNT            Egress cell request count:The maximum/minumum value for this register is 16/0 for XPORT portsand 2/0 for CMIC.  After reset is deasserted, Egress pipeturns on and requests all 16 cells right away.  The correspondingECRCs thus get incremented as well.",54,0x00000004,no,medium (MMU),0x04300010
TOS_FN_PARITY_CONTROL,IPIPE,"TOS_FN_PARITY_CONTROL, FeatureSpecific-Ethernet",PARITY_EN        This bit enables parity checking for the TOS_FN table.,1,0x00000001,no,low (parity init),0x0c180d08
TPKT,XLPORT0 XLPORT1 XLPORT2 XLPORT3 XLPORT4 XLPORT5 XLPORT6 XLPORT7 XLPORT8 XLPORT9 XLPORT10 XLPORT11 XLPORT12 XLPORT13 XLPORT14 XLPORT15 XLPORT16 XLPORT17,Transmit Packet/Frame Counter,,2,0x0000000000000653,no,unknown,0x00500045
TPOK,XLPORT0 XLPORT1 XLPORT2 XLPORT3 XLPORT4 XLPORT5 XLPORT6 XLPORT7 XLPORT8 XLPORT9 XLPORT10 XLPORT11 XLPORT12 XLPORT13 XLPORT14 XLPORT15 XLPORT16 XLPORT17,Transmit Good Packet Counter,,2,0x0000000000000653,no,unknown,0x00500044
TRILL_RX_ACCESS_PORT_TRILL_PKTS_DISCARDED_PARITY_CONTROL,IPIPE,"Parity Control for TRILL_RX_ACCESS_PORT_TRILL_PKTS_DISCARDED table, FeatureSpecific-Ethernet",PARITY_EN        This bit enables parity checking for the TRILL_RX_ACCESS_PORT_TRILL_PKTS_DISCARDED table.,1,0x00000001,no,low (parity init),0x0f180da2
TRILL_RX_NETWORK_PORT_NON_TRILL_PKTS_DISCARDED_PARITY_CONTROL,IPIPE,"Parity Control for TRILL_RX_NETWORK_PORT_NON_TRILL_PKTS_DISCARDED table, FeatureSpecific-Ethernet",PARITY_EN        This bit enables parity checking for the TRILL_RX_NETWORK_PORT_NON_TRILL_PKTS_DISCARDED table.,1,0x00000001,no,low (parity init),0x0f180da5
TRILL_RX_PKTS_PARITY_CONTROL,IPIPE,"Parity Control for TRILL_RX_PKTS table, FeatureSpecific-Ethernet",PARITY_EN        This bit enables parity checking for the TRILL_RX_PKTS table.,1,0x00000001,no,low (parity init),0x0f180d9f
TRUNK_BITMAP_TABLE_PARITY_CONTROL,IPIPE,"Parity Control for TRUNK_BITMAP_TABLE table, FeatureSpecific-Ethernet",PARITY_EN        This bit enables parity checking for the TRUNK_BITMAP_TABLE table.,1,0x00000001,no,low (parity init),0x0f180d1c
TRUNK_GROUP_PARITY_CONTROL,IPIPE,"Parity Control for TRUNK_GROUP table, FeatureSpecific-Ethernet",PARITY_EN        This bit enables parity checking for the TRUNK_GROUP table.,1,0x00000001,no,low (parity init),0x0e180d1e
TRUNK_MEMBER_PARITY_CONTROL,IPIPE,"Parity Controls for TRUNK_MEMBER, FeatureSpecific-Ethernet",PARITY_EN        This bit enables parity checking for the TRUNK_MEMBER table.,1,0x00000001,no,low (parity init),0x0f180d19
TTL_FN_PARITY_CONTROL,IPIPE,"TTL_FN_PARITY_CONTROL, FeatureSpecific-Ethernet",PARITY_EN        This bit enables parity checking for the TTL_FN table.,1,0x00000001,no,low (parity init),0x0c180d05
TUCA,XLPORT0 XLPORT1 XLPORT2 XLPORT3 XLPORT4 XLPORT5 XLPORT6 XLPORT7 XLPORT8 XLPORT9 XLPORT10 XLPORT11 XLPORT12 XLPORT13 XLPORT14 XLPORT15 XLPORT16 XLPORT17,Transmit Unicast Frame Counter,,2,0x000000000000017b,no,unknown,0x00500046
TX_IPG_LENGTH,XLPORT0 XLPORT1 XLPORT2 XLPORT3 XLPORT4 XLPORT5 XLPORT6 XLPORT7 XLPORT8 XLPORT9 XLPORT10 XLPORT11 XLPORT12 XLPORT13 XLPORT14 XLPORT15 XLPORT16 XLPORT17,Programmable Inter-Packet-Gap (IPG).,"TX_IPG_LENGTH    Set the Transmit minimum IPG from 8 to 64 Byte-times. If a value below 8 or above 64 isprogrammed, the minimum IPG is set to 12 byte-times.Ignored when Rate Limiting with programmable IPG is eanbled (Register RT_IPG_ENA) set to '1'.",52,0x0000000c,no,unknown,0x00500517
TX_PKT_CNT,MMU,TX packet counter,COUNT            TX packet count,8,0x00000008,no,medium (MMU),0x20380020
UCQ_EXTCOS1_EMPTY_REG,MMU,UCQ_EXTCOS1_EMPTY_REG,UCQ_EXTCOS1_QEMPTY Q empty signal per port for extended 64 COS (COS 0 to 63),8,0xffffffffffffffff,no,medium (MMU),0x04300120
UNKNOWN_HGI_BITMAP_PARITY_CONTROL,IPIPE,"Parity Control for UNKNOWN_HGI_BITMAP table, FeatureSpecific-Ethernet",PARITY_EN        This bit enables parity checking for the UNKNOWN_HGI_BITMAP table.,1,0x00000001,no,low (parity init),0x0f180d76
UNKNOWN_MCAST_BLOCK_MASK_PARITY_CONTROL,IPIPE,"Parity Control for UNKNOWN_MCAST_BLOCK_MASK table, FeatureSpecific-Ethernet",PARITY_EN        This bit enables parity checking for the UNKNOWN_MCAST_BLOCK_MASK table.,1,0x00000001,no,low (parity init),0x0f180d5b
UNKNOWN_UCAST_BLOCK_MASK_PARITY_CONTROL,IPIPE,"Parity Control for UNKNOWN_UCAST_BLOCK_MASK table, FeatureSpecific-Ethernet",PARITY_EN        This bit enables parity checking for the UNKNOWN_UCAST_BLOCK_MASK table.,1,0x00000001,no,low (parity init),0x0f180d58
USE_SP_SHARED,IPIPE,VFI-1 Table (used for MAC-in-MAC and HG ports) - address is VFI value.,"ENABLE           enable sp_shared resource usage per service pool; BC_INDEX         Default Multicast group for broadcasting to this VFI.; VP_0             Virtual Port 0 for switching with PT2PT_EN.; UUC_INDEX        Default unknown unicast group for this VFI.; VP_1             Virtual Port 1 for switching with PT2PT_EN.; UMC_INDEX        Default unknown multicast group for this VFI.; BVID             Expected incoming MAC-in-MAC B-VID.  If set to 0, the B-VID will not be verified for incoming MAC-in-MAC tunnels.  Otherwise, it will be checked for all terminated outer tagged MAC-in-MAC tunnels.; TRUST_DOT1P_PTR  Profile pointer into the ING_PRI_CNG_MAP table.; PT2PT_EN         Enables point to point mim vp switching.; SERVICE_CTR_IDX  Index into the Ingress Service Instance Counter Table.; PHB2_DOT1P_MAPPING_PTR When assigning the PHB2 COS value, this mapping pointer selects a profile in the PHB2_COS_MAP table.; PHB2_USE_INNER_DOT1P If set to 1, then the inner tag's priority value will be used.  When set to 0, the outer tag's priority will be used.  If the tag is not present, the PHB2 value will default back to the regular switch COS value.; PHB2_ENABLE      Enables the PHB2 COS on a per-VFI basis.  When set to 0, the PHB2 COS will be set to the switching COS value.; L2_PROTOCOL_PKT_DROP For L2_USER_ENTRY packets that match as L2 protocol packets, this indicates to drop those packets.; L2_PROTOCOL_TO_CPU For L2_USER_ENTRY packets that match as L2 protocol packets, this indicates to copy to CPU.; DOT1P_REMAP_POINTER Pointer to select one of 64 profiles in the ING_OUTER_DOT1P_MAPPING_TABLE.; USE_SERVICE_CTR_IDX Override the Ingress Service Instance Counter Table Index.; PROTOCOL_PKT_INDEX Index into the protocol packet control memories.; EVEN_PARITY      Even parity for the  VFI RAM.; TPID_ENABLE      Indicates if MPLS_TPID[3] to MPLS_TPID[0] are allowed to match and qualify an SD-TAG in L2 payload.; SD_TAG_MODE      0=raw mode (no SD-TAG).  1=sd_tag is present if TPID matches one of the four enabled TPID values. Note: this bit and the TPID_ENABLEs should be set by software for SVPs that come from a VXLT table hit.; EVEN_PARITY      Even parity for the  VFI RAM.",1,0x00000007,yes,HIGH (data path),0x02380132
VFI_1_PARITY_CONTROL,IPIPE,"VFI_1_PARITY_CONTROL, FeatureSpecific-Ethernet",PARITY_EN        This bit enables parity checking for the VFI_1 table.,1,0x00000001,no,low (parity init),0x05180d18
VFI_PARITY_CONTROL,IPIPE,"VFI_PARITY_CONTROL, FeatureSpecific-Ethernet",PARITY_EN        This bit enables parity checking for the VFI table.,1,0x00000001,no,low (parity init),0x05180d15
VFP_KEY_CONTROL,IPIPE,VFP slice key control register.,SLICE_0_F2       VFP slice 0 F2 key select value.; SLICE_0_F3       VFP slice 0 F3 key select value.; SLICE_1_F2       VFP slice 1 F2 key select value.; SLICE_1_F3       VFP slice 1 F3 key select value.; SLICE_2_F2       VFP slice 2 F2 key select value.; SLICE_2_F3       VFP slice 2 F3 key select value.; SLICE_3_F2       VFP slice 3 F2 key select value.; SLICE_3_F3       VFP slice 3 F3 key select value.; SLICE_0_DOUBLE_WIDE_MODE VFP slice 0 double wide mode enable.; SLICE_1_DOUBLE_WIDE_MODE VFP slice 1 double wide mode enable.; SLICE_2_DOUBLE_WIDE_MODE VFP slice 2 double wide mode enable.; SLICE_3_DOUBLE_WIDE_MODE VFP slice 3 double wide mode enable.; SLICE1_0_PAIRING VFP slice pairing for slices 0/1.; SLICE3_2_PAIRING VFP slice pairing for slices 2/3.; SLICE_0_DOUBLE_WIDE_KEY_SELECT VFP slice 0 double wide F2 key select.; SLICE_1_DOUBLE_WIDE_KEY_SELECT VFP slice 1 double wide F2 key select.; SLICE_2_DOUBLE_WIDE_KEY_SELECT VFP slice 2 double wide F2 key select.; SLICE_3_DOUBLE_WIDE_KEY_SELECT VFP slice 3 double wide F2 key select.,1,0x00000003,no,medium (ACL / filter),0x04180621
VFP_POLICY_PARITY_CONTROL,IPIPE,VFP_POLICY_PARITY_CONTROL,PARITY_EN        This bit enables parity checking for the VFP POLICY table.,1,0x00000001,no,medium (ACL / filter),0x04180d11
VLAN_COS_MAP_PARITY_CONTROL,IPIPE,"Parity Control for VLAN_COS_MAP table, FeatureSpecific-Ethernet",PARITY_EN        This bit enables parity checking for the VLAN_COS_MAP table.,1,0x00000001,no,low (parity init),0x0f180d46
VLAN_MPLS_PARITY_CONTROL,IPIPE,"VLAN_MPLS_PARITY_CONTROL, FeatureSpecific-Ethernet",PARITY_EN        This bit enables parity checking for the VLAN_MPLS table.,1,0x00000001,no,low (parity init),0x05180d12
VLAN_PARITY_CONTROL,IPIPE,VLAN_PARITY_CONTROL,PARITY_EN        This bit enables parity checking for the VLAN table.,1,0x00000001,no,low (parity init),0x05180d01
VLAN_PROFILE_2_PARITY_CONTROL,IPIPE,"Parity Control for VLAN_PROFILE_2 table, FeatureSpecific-Ethernet",PARITY_EN        This bit enables parity checking for the VLAN_PROFILE_2 table.,1,0x00000001,no,low (parity init),0x0f180d3d
VLAN_PROT_PARITY_CONTROL,IPIPE,VLAN_PROT_PARITY_CONTROL,PARITY_EN        This bit enables parity checking for the VLAN_PROTOCOL table.,1,0x00000001,no,low (parity init),0x04180d1a
VLAN_RANGE_PARITY_CONTROL,IPIPE,VLAN_RANGE_PARITY_CONTROL,PARITY_EN        This bit enables parity checking for the ING_VLAN_RANGE table.,1,0x00000001,no,low (parity init),0x02180d0c
VLAN_STG_PARITY_CONTROL,IPIPE,VLAN_STG_PARITY_CONTROL,PARITY_EN        This bit enables parity checking for the VLAN_STG table.,1,0x00000001,no,low (parity init),0x05180d04
VLAN_SUBNET_PARITY_CONTROL,IPIPE,VLAN_SUBNET_PARITY_CONTROL,PARITY_EN        This bit enables parity checking for the VLAN_SUBNET table.,1,0x00000001,no,low (parity init),0x04180d1d
VLAN_XLATE_PARITY_CONTROL,IPIPE,VLAN_XLATE_PARITY_CONTROL,PARITY_EN        This bit enables parity checking for the VLAN_XLATE table.,1,0x00000001,no,low (parity init),0x04180d0c
VOQ_COS_MAP_PARITY_CONTROL,IPIPE,"Parity Control for VOQ_COS_MAP table, FeatureSpecific-Ethernet",PARITY_EN        This bit enables parity checking for the VOQ_COS_MAP table.,1,0x00000001,no,low (parity init),0x0f180d4f
VRF_PARITY_CONTROL,IPIPE,"VRF_PARITY_CONTROL, FeatureSpecific-Ethernet",PARITY_EN        This bit enables parity checking for the VRF table.,1,0x00000001,no,low (parity init),0x05180d1b
WERRCOUNT,MMU,The count in the bucket controlling WERR/WRR,"COUNT            Count shows tokens currently available for this queue; SIGN             Sign (set if negative) shows queue is currently not eligible for service, has already used its tokens",2,0x01ffffe0,no,medium (MMU),0x06300140
XLPORT_CONFIG,XLPORT0 XLPORT1 XLPORT2 XLPORT3 XLPORT4 XLPORT5 XLPORT6 XLPORT7 XLPORT8 XLPORT9 XLPORT10 XLPORT11 XLPORT12 XLPORT13 XLPORT14 XLPORT15 XLPORT16 XLPORT17,"XLPORT Configuration Register, per Port 0,1,2,3","XLP_RES_0        Reserved.; HIGIG_MODE       XLPORT is configured as HIGIG port.; XPAUSE_EN        XLPORT pause enable for both RX and TX. For RX Pause decode only or sending TX Pause only, this bit should be 0; XLP_RES_4_3      Reserved.; MY_MODID         My module ID.; HONOR_PAUSE_FOR_E2E When set, no E2E packets TX if local port is paused.; MH_INBAND        Setting this bit keeps HiGig/HiGig2 Module Header in-band.; LLFC_EN          Link Level Flow Control enable; HIGIG2_MODE      XLPORT is configured as HIGIG2 port.; XPAUSE_RX_EN     If set, XLPORT is allowed to decode rx pause frame and act upon them.; XPAUSE_TX_EN     If set, XLPORT is allowed to transmit a pause frame upon MMU BKP.; PFC_ENABLE       Enable Priority Flow Control or PFC for Rx and Tx",52,0x00010040,no,unknown,0x00500200
XLPORT_ECC_CONTROL,XLPORT0 XLPORT1 XLPORT2 XLPORT3 XLPORT4 XLPORT5 XLPORT6 XLPORT7 XLPORT8 XLPORT9 XLPORT10 XLPORT11 XLPORT12 XLPORT13 XLPORT14 XLPORT15 XLPORT16 XLPORT17,XLPORT memories ECC control register,TXFIFO_MEM_EN    TX FIFO memory ECC enable; MIB_TSC_MEM_EN   MIB Transmit Statistic Counter Memory ECC enable; MIB_RSC_MEM_EN   MIB Receive Statistic Counter Memory ECC enable,16,0x00000007,no,low (parity init),0x00580242
XLPORT_INTR_ENABLE,XLPORT0 XLPORT1 XLPORT2 XLPORT3 XLPORT4 XLPORT5 XLPORT6 XLPORT7 XLPORT8 XLPORT9 XLPORT10 XLPORT11 XLPORT12 XLPORT13 XLPORT14 XLPORT15 XLPORT16 XLPORT17,XLPORT interrupt enable register,TXFIFO_MEM_ERR   Error occurred on TX FIFO memory ECC; MIB_TSC_MEM0_ERR Error occurred on MIB TX Statistic Counter memory instance 0 ECC; MIB_TSC_MEM1_ERR Error occurred on MIB TX Statistic Counter memory instance 1 ECC; MIB_TSC_MEM2_ERR Error occurred on MIB TX Statistic Counter memory instance 2 ECC; MIB_TSC_MEM3_ERR Error occurred on MIB TX Statistic Counter memory instance 3 ECC; MIB_RSC_MEM0_ERR Error occurred on MIB RX Statistic Counter memory instance 0 ECC; MIB_RSC_MEM1_ERR Error occurred on MIB RX Statistic Counter memory instance 1 ECC; MIB_RSC_MEM2_ERR Error occurred on MIB RX Statistic Counter memory instance 2 ECC; MIB_RSC_MEM3_ERR Error occurred on MIB RX Statistic Counter memory instance 3 ECC; MIB_RSC_MEM4_ERR Error occurred on MIB RX Statistic Counter memory instance 4 ECC,16,0x000003ff,no,unknown,0x00580253
XLPORT_LINKSTATUS_DOWN,,?,,1,0x00000003,no,low (statistics),
XLPORT_MODE_REG,XLPORT0 XLPORT1 XLPORT2 XLPORT3 XLPORT4 XLPORT5 XLPORT6 XLPORT7 XLPORT8 XLPORT9 XLPORT10 XLPORT11 XLPORT12 XLPORT13 XLPORT14 XLPORT15 XLPORT16 XLPORT17,XLPORT Mode Register,"CORE_PORT_MODE   XLPort Core Side Port Mode; PHY_PORT_MODE    XLPort PHY Side Port Mode; PORT0_MAC_MODE   Port0 MAC Mode (XMAC 1'd0, UniMAC 1'd1).; PORT1_MAC_MODE   Port1 MAC Mode (XMAC 1'd0, UniMAC 1'd1).; PORT2_MAC_MODE   Port2 MAC Mode (XMAC 1'd0, UniMAC 1'd1).; PORT3_MAC_MODE   Port3 MAC Mode (XMAC 1'd0, UniMAC 1'd1).",12,0x0000000a,no,unknown,0x00580229
XLPORT_PORT_ENABLE,XLPORT0 XLPORT1 XLPORT2 XLPORT3 XLPORT4 XLPORT5 XLPORT6 XLPORT7 XLPORT8 XLPORT9 XLPORT10 XLPORT11 XLPORT12 XLPORT13 XLPORT14 XLPORT15 XLPORT16 XLPORT17,XLPORT Port Enable Register,PORT0            Enable Sub-Port 0.; PORT1            Enable Sub-Port 1.; PORT2            Enable Sub-Port 2.; PORT3            Enable Sub-Port 3.,16,0x0000000f,no,unknown,0x0058022a
XLPORT_XGXS0_STATUS0_REG,XLPORT0 XLPORT1 XLPORT2 XLPORT3 XLPORT4 XLPORT5 XLPORT6 XLPORT7 XLPORT8 XLPORT9 XLPORT10 XLPORT11 XLPORT12 XLPORT13 XLPORT14 XLPORT15 XLPORT16 XLPORT17,Status signals from Warpcore Lane0: first set,XGXS0_AUTONEG_COMPLETE XGXS0_AutoNeg_Complete; XGXS0_DUPLEX_STATUS XGXS0_Duplex_Status; XGXS0_FIBER_RXACT XGXS0_Fiber_RxAct -- Not used tied to 0; XGXS0_FIBER_TXACT XGXS0_Fiber_TxAct -- Not used tied to 0.; XGXS0_LINK_STATUS XGXS0_Link_Status; XGXS0_SGMII      XGXS0_Sgmii; XGXS0_TICK       XGXS0_tick; RX0_ACT          Rx0 active packet -- rx_active[0]; TX0_ACT          Tx0 active packet -- tx_active[0]; XGXS0_LINK       XGXS0_Link -- Main Link up indicate; XGXS0_LINK10G    XGXS0_Link10G; XGXS0_SPEED_R2_12000 XGXS0_Speed R2 12000; XGXS0_SPEED_X2_10000 XGXS0_Speed X2 10000; XGXS0_SPEED40G_KR4 XGXS0_Speed40g KR4; XGXS0_SPEED40G_CR4 XGXS0_Speed40g CR4; XGXS0_SPEED15750_HI_DXGXS XGXS0_Speed15.75g_HI_DXGXS; XGXS0_SPEED20G_DXGXS XGXS0_Speed20g_DXGXS; XGXS0_SPEED20G_HI_DXGXS XGXS0_Speed20g_HI_DXGXS; XGXS0_SPEED40G   XGXS0_Speed40g,16,0x00000002,no,low (statistics),0x00580239
XLPORT_XGXS0_STATUS1_REG,XLPORT0 XLPORT1 XLPORT2 XLPORT3 XLPORT4 XLPORT5 XLPORT6 XLPORT7 XLPORT8 XLPORT9 XLPORT10 XLPORT11 XLPORT12 XLPORT13 XLPORT14 XLPORT15 XLPORT16 XLPORT17,Status signals from Warpcore Lane0 : second set,XGXS0_SPEED_10   XGXS0_Speed_10; XGXS0_SPEED_100  XGXS0_Speed_100; XGXS0_SPEED1000  XGXS0_Speed1000; XGXS0_SPEED2500  XGXS0_Speed2500; XGXS0_SPEED5000  XGXS0_Speed5000; XGXS0_SPEED5000_SINGLE XGXS0_Speed5000_Single; XGXS0_SPEED6000  XGXS0_Speed6000; XGXS0_SPEED6364_SINGLE XGXS0_Speed6364_single; XGXS0_SPEED10000 XGXS0_Speed10000; XGXS0_SPEED10000_CX4 XGXS0_Speed10000_CX4; XGXS0_SPEED12000 XGXS0_Speed12000; XGXS0_SPEED12500 XGXS0_Speed12500; XGXS0_SPEED13000 XGXS0_Speed13000; XGXS0_SPEED15000 XGXS0_Speed15000; XGXS0_SPEED16000 XGXS0_Speed16000; XGXS0_SPEED20000 XGXS0_Speed20000; XGXS0_SPEED21000 XGXS0_Speed20000; XGXS0_SPEED25455 XGXS0_Speed25455; XGXS0_SPEED31500 XGXS0_Speed31500; XGXS0_SPEED10000_DXGXS XGXS0_Speed25455; XGXS0_SPEED10000_HI_DXGXS XGXS0_Speed25455; XGXS0_SPEED10500_DXGXS XGXS0_Speed25455; XGXS0_SPEED10500_HI_DXGXS XGXS0_Speed25455; XGXS0_SPEED12773_DXGXS XGXS0_Speed25455; XGXS0_SPEED12773_HI_DXGXS XGXS0_Speed25455; XGXS0_SPEED10000_KR XGXS0_Speed10000_KR; XGXS0_SPEED10000_KX4 XGXS0_Speed10000_KX4; XGXS0_SPEED1000_KX XGXS0_Speed1000_KX; XGXS0_SPEED10G_SINGLE XGXS0_Speed10g_single; XGXS0_SPEED10G_SFI XGXS0_Speed10g_sfi,12,0x10000000,no,low (statistics),0x0058023a
XLPORT_XGXS1_STATUS0_REG,XLPORT0 XLPORT1 XLPORT2 XLPORT3 XLPORT4 XLPORT5 XLPORT6 XLPORT7 XLPORT8 XLPORT9 XLPORT10 XLPORT11 XLPORT12 XLPORT13 XLPORT14 XLPORT15 XLPORT16 XLPORT17,Status signals from Warpcore Lane1: first set,XGXS1_AUTONEG_COMPLETE XGXS1_AutoNeg_Complete; XGXS1_DUPLEX_STATUS XGXS1_Duplex_Status; XGXS1_FIBER_RXACT XGXS1_Fiber_RxAct -- Not used tied to 0; XGXS1_FIBER_TXACT XGXS1_Fiber_TxAct -- Not used tied to 0; XGXS1_LINK_STATUS XGXS1_Link_Status; XGXS1_SGMII      XGXS1_Sgmii; XGXS1_TICK       XGXS1_tick; RX1_ACT          Rx1 active packet -- rx_active[1]; TX1_ACT          Tx1 active packet -- tx_active[1]; XGXS1_LINK       XGXS1_Link -- Main Link up indicate; XGXS1_LINK10G    XGXS1_Link10G; XGXS1_SPEED_R2_12000 XGXS1_Speed R2 12000; XGXS1_SPEED_X2_10000 XGXS1_Speed X2 10000; XGXS1_SPEED40G_KR4 XGXS1_Speed40g KR4; XGXS1_SPEED40G_CR4 XGXS1_Speed40g CR4; XGXS1_SPEED15750_HI_DXGXS XGXS1_Speed15.75g_HI_DXGXS; XGXS1_SPEED20G_DXGXS XGXS1_Speed20g_DXGXS; XGXS1_SPEED20G_HI_DXGXS XGXS1_Speed20g_HI_DXGXS; XGXS1_SPEED40G   XGXS1_Speed40g,16,0x00000002,no,low (statistics),0x0058023b
XLPORT_XGXS1_STATUS1_REG,XLPORT0 XLPORT1 XLPORT2 XLPORT3 XLPORT4 XLPORT5 XLPORT6 XLPORT7 XLPORT8 XLPORT9 XLPORT10 XLPORT11 XLPORT12 XLPORT13 XLPORT14 XLPORT15 XLPORT16 XLPORT17,Status signals from Warpcore Lane1 : second set,XGXS1_SPEED_10   XGXS1_Speed_10; XGXS1_SPEED_100  XGXS1_Speed_100; XGXS1_SPEED1000  XGXS1_Speed1000; XGXS1_SPEED2500  XGXS1_Speed2500; XGXS1_SPEED5000  XGXS1_Speed5000; XGXS1_SPEED5000_SINGLE XGXS1_Speed5000_Single; XGXS1_SPEED6000  XGXS1_Speed6000; XGXS1_SPEED6364_SINGLE XGXS1_Speed6364_single; XGXS1_SPEED10000 XGXS1_Speed10000; XGXS1_SPEED10000_CX4 XGXS1_Speed10000_CX4; XGXS1_SPEED12000 XGXS1_Speed12000; XGXS1_SPEED12500 XGXS1_Speed12500; XGXS1_SPEED13000 XGXS1_Speed13000; XGXS1_SPEED15000 XGXS1_Speed15000; XGXS1_SPEED16000 XGXS1_Speed16000; XGXS1_SPEED20000 XGXS1_Speed20000; XGXS1_SPEED21000 XGXS1_Speed20000; XGXS1_SPEED25455 XGXS1_Speed25455; XGXS1_SPEED31500 XGXS1_Speed31500; XGXS1_SPEED10000_DXGXS XGXS1_Speed25455; XGXS1_SPEED10000_HI_DXGXS XGXS1_Speed25455; XGXS1_SPEED10500_DXGXS XGXS1_Speed25455; XGXS1_SPEED10500_HI_DXGXS XGXS1_Speed25455; XGXS1_SPEED12773_DXGXS XGXS1_Speed25455; XGXS1_SPEED12773_HI_DXGXS XGXS1_Speed25455; XGXS1_SPEED10000_KR XGXS1_Speed10000_KR; XGXS1_SPEED10000_KX4 XGXS1_Speed10000_KX4; XGXS1_SPEED1000_KX XGXS1_Speed1000_KX; XGXS1_SPEED10G_SINGLE XGXS1_Speed10g_single; XGXS1_SPEED10G_SFI XGXS1_Speed10g_sfi,12,0x10000000,no,low (statistics),0x0058023c
XLPORT_XGXS2_STATUS0_REG,XLPORT0 XLPORT1 XLPORT2 XLPORT3 XLPORT4 XLPORT5 XLPORT6 XLPORT7 XLPORT8 XLPORT9 XLPORT10 XLPORT11 XLPORT12 XLPORT13 XLPORT14 XLPORT15 XLPORT16 XLPORT17,Status signals from Warpcore Lane2: first set,XGXS2_AUTONEG_COMPLETE XGXS2_AutoNeg_Complete; XGXS2_DUPLEX_STATUS XGXS2_Duplex_Status; XGXS2_FIBER_RXACT XGXS2_Fiber_RxAct -- Not used tied to 0; XGXS2_FIBER_TXACT XGXS2_Fiber_TxAct -- Not used tied to 0; XGXS2_LINK_STATUS XGXS2_Link_Status; XGXS2_SGMII      XGXS2_Sgmii; XGXS2_TICK       XGXS2_tick; RX2_ACT          Rx2 active packet -- rx_active[2]; TX2_ACT          Tx2 active packet -- tx_active[2]; XGXS2_LINK       XGXS2_Link -- Main Link up indicate; XGXS2_LINK10G    XGXS2_Link10G; XGXS2_SPEED_R2_12000 XGXS2_Speed R2 12000; XGXS2_SPEED_X2_10000 XGXS2_Speed X2 10000; XGXS2_SPEED40G_KR4 XGXS2_Speed40g KR4; XGXS2_SPEED40G_CR4 XGXS2_Speed40g CR4; XGXS2_SPEED15750_HI_DXGXS XGXS2_Speed15.75g_HI_DXGXS; XGXS2_SPEED20G_DXGXS XGXS2_Speed20g_DXGXS; XGXS2_SPEED20G_HI_DXGXS XGXS2_Speed20g_HI_DXGXS; XGXS2_SPEED40G   XGXS2_Speed40g,16,0x00000002,no,low (statistics),0x0058023d
XLPORT_XGXS2_STATUS1_REG,XLPORT0 XLPORT1 XLPORT2 XLPORT3 XLPORT4 XLPORT5 XLPORT6 XLPORT7 XLPORT8 XLPORT9 XLPORT10 XLPORT11 XLPORT12 XLPORT13 XLPORT14 XLPORT15 XLPORT16 XLPORT17,Status signals from Warpcore Lane2 : second set,XGXS2_SPEED_10   XGXS2_Speed_10; XGXS2_SPEED_100  XGXS2_Speed_100; XGXS2_SPEED1000  XGXS2_Speed1000; XGXS2_SPEED2500  XGXS2_Speed2500; XGXS2_SPEED5000  XGXS2_Speed5000; XGXS2_SPEED5000_SINGLE XGXS2_Speed5000_Single; XGXS2_SPEED6000  XGXS2_Speed6000; XGXS2_SPEED6364_SINGLE XGXS2_Speed6364_single; XGXS2_SPEED10000 XGXS2_Speed10000; XGXS2_SPEED10000_CX4 XGXS2_Speed10000_CX4; XGXS2_SPEED12000 XGXS2_Speed12000; XGXS2_SPEED12500 XGXS2_Speed12500; XGXS2_SPEED13000 XGXS2_Speed13000; XGXS2_SPEED15000 XGXS2_Speed15000; XGXS2_SPEED16000 XGXS2_Speed16000; XGXS2_SPEED20000 XGXS2_Speed20000; XGXS2_SPEED21000 XGXS2_Speed20000; XGXS2_SPEED25455 XGXS2_Speed25455; XGXS2_SPEED31500 XGXS2_Speed31500; XGXS2_SPEED10000_DXGXS XGXS2_Speed25455; XGXS2_SPEED10000_HI_DXGXS XGXS2_Speed25455; XGXS2_SPEED10500_DXGXS XGXS2_Speed25455; XGXS2_SPEED10500_HI_DXGXS XGXS2_Speed25455; XGXS2_SPEED12773_DXGXS XGXS2_Speed25455; XGXS2_SPEED12773_HI_DXGXS XGXS2_Speed25455; XGXS2_SPEED10000_KR XGXS2_Speed10000_KR; XGXS2_SPEED10000_KX4 XGXS2_Speed10000_KX4; XGXS2_SPEED1000_KX XGXS2_Speed1000_KX; XGXS2_SPEED10G_SINGLE XGXS2_Speed10g_single; XGXS2_SPEED10G_SFI XGXS2_Speed10g_sfi,12,0x10000000,no,low (statistics),0x0058023e
XLPORT_XGXS3_STATUS0_REG,XLPORT0 XLPORT1 XLPORT2 XLPORT3 XLPORT4 XLPORT5 XLPORT6 XLPORT7 XLPORT8 XLPORT9 XLPORT10 XLPORT11 XLPORT12 XLPORT13 XLPORT14 XLPORT15 XLPORT16 XLPORT17,Status signals from Warpcore Lane3: first set,XGXS3_AUTONEG_COMPLETE XGXS3_AutoNeg_Complete; XGXS3_DUPLEX_STATUS XGXS3_Duplex_Status; XGXS3_FIBER_RXACT XGXS3_Fiber_RxAct -- Not used tied to 0; XGXS3_FIBER_TXACT XGXS3_Fiber_TxAct -- Not used tied to 0; XGXS3_LINK_STATUS XGXS3_Link_Status; XGXS3_SGMII      XGXS3_Sgmii; XGXS3_TICK       XGXS3_tick; RX3_ACT          Rx3 active packet -- rx_active[3]; TX3_ACT          Tx3 active packet -- tx_active[3]; XGXS3_LINK       XGXS3_Link -- Main Link up indicate; XGXS3_LINK10G    XGXS3_Link10G; XGXS3_SPEED_R2_12000 XGXS3_Speed R2 12000; XGXS3_SPEED_X2_10000 XGXS3_Speed X2 10000; XGXS3_SPEED40G_KR4 XGXS3_Speed40g KR4; XGXS3_SPEED40G_CR4 XGXS3_Speed40g CR4; XGXS3_SPEED15750_HI_DXGXS XGXS3_Speed15.75g_HI_DXGXS; XGXS3_SPEED20G_DXGXS XGXS3_Speed20g_DXGXS; XGXS3_SPEED20G_HI_DXGXS XGXS3_Speed20g_HI_DXGXS; XGXS3_SPEED40G   XGXS3_Speed40g,16,0x00000002,no,low (statistics),0x0058023f
XLPORT_XGXS3_STATUS1_REG,XLPORT0 XLPORT1 XLPORT2 XLPORT3 XLPORT4 XLPORT5 XLPORT6 XLPORT7 XLPORT8 XLPORT9 XLPORT10 XLPORT11 XLPORT12 XLPORT13 XLPORT14 XLPORT15 XLPORT16 XLPORT17,Status signals from Warpcore Lane3 : second set,XGXS3_SPEED_10   XGXS3_Speed_10; XGXS3_SPEED_100  XGXS3_Speed_100; XGXS3_SPEED1000  XGXS3_Speed1000; XGXS3_SPEED2500  XGXS3_Speed2500; XGXS3_SPEED5000  XGXS3_Speed5000; XGXS3_SPEED5000_SINGLE XGXS3_Speed5000_Single; XGXS3_SPEED6000  XGXS3_Speed6000; XGXS3_SPEED6364_SINGLE XGXS3_Speed6364_single; XGXS3_SPEED10000 XGXS3_Speed10000; XGXS3_SPEED10000_CX4 XGXS3_Speed10000_CX4; XGXS3_SPEED12000 XGXS3_Speed12000; XGXS3_SPEED12500 XGXS3_Speed12500; XGXS3_SPEED13000 XGXS3_Speed13000; XGXS3_SPEED15000 XGXS3_Speed15000; XGXS3_SPEED16000 XGXS3_Speed16000; XGXS3_SPEED20000 XGXS3_Speed20000; XGXS3_SPEED21000 XGXS3_Speed20000; XGXS3_SPEED25455 XGXS3_Speed25455; XGXS3_SPEED31500 XGXS3_Speed31500; XGXS3_SPEED10000_DXGXS XGXS3_Speed25455; XGXS3_SPEED10000_HI_DXGXS XGXS3_Speed25455; XGXS3_SPEED10500_DXGXS XGXS3_Speed25455; XGXS3_SPEED10500_HI_DXGXS XGXS3_Speed25455; XGXS3_SPEED12773_DXGXS XGXS3_Speed25455; XGXS3_SPEED12773_HI_DXGXS XGXS3_Speed25455; XGXS3_SPEED10000_KR XGXS3_Speed10000_KR; XGXS3_SPEED10000_KX4 XGXS3_Speed10000_KX4; XGXS3_SPEED1000_KX XGXS3_Speed1000_KX; XGXS3_SPEED10G_SINGLE XGXS3_Speed10g_single; XGXS3_SPEED10G_SFI XGXS3_Speed10g_sfi,12,0x10000000,no,low (statistics),0x00580240
XLPORT_XGXS_CTRL_REG,XLPORT0 XLPORT1 XLPORT2 XLPORT3 XLPORT4 XLPORT5 XLPORT6 XLPORT7 XLPORT8 XLPORT9 XLPORT10 XLPORT11 XLPORT12 XLPORT13 XLPORT14 XLPORT15 XLPORT16 XLPORT17,Controls for Warpcore,PWRDWN_PLL       Shutdown PLL -- Signal OR'ed with PwrDwn; PWRDWN           Powerdown XGXS_IP -- Signal OR'ed with PwrDwn_PLL; XLP_XGXS_RESERVED0 Reserved; IDDQ             Shutdown analog clocks but leave analog section powered.; PLLBYP           Bypass refclk PLL and run transmit and receive clocks from refclk pin.; LCREF_EN         Set to 1 to select clock from LCPLL - otherwise from clock pads.; RSTB_HW          Hard reset (active low).  Resets everything.; RSTB_MDIOREGS    Reset MDIO XGXS Regs only (active low).; RSTB_PLL         Reset XGXS PLL and datapath only (active low).; TXD1G_FIFO_RSTB  Tx 1G FIFO reset--txd1g_fifo_rstb 3 thru 0 (active low).; TXD10G_FIFO_RSTB Tx 10G FIFO reset--txd10g_fifo_rstb (active low).; XLP_XGXS_RESERVED1 Reserved,16,0x000ff800,no,unknown,0x00580237
XLPORT_XGXS_STATUS_GEN_REG,XLPORT0 XLPORT1 XLPORT2 XLPORT3 XLPORT4 XLPORT5 XLPORT6 XLPORT7 XLPORT8 XLPORT9 XLPORT10 XLPORT11 XLPORT12 XLPORT13 XLPORT14 XLPORT15 XLPORT16 XLPORT17,Status signals from Warpcore for signals common to all four lanes.,TXPLL_LOCK       Txpll Lock Status -- txpll_lock10g,16,0x00000001,no,low (statistics),0x00580238
XLP_TXFIFO_CELL_REQ_CNT,XLPORT0 XLPORT1 XLPORT2 XLPORT3 XLPORT4 XLPORT5 XLPORT6 XLPORT7 XLPORT8 XLPORT9 XLPORT10 XLPORT11 XLPORT12 XLPORT13 XLPORT14 XLPORT15 XLPORT16 XLPORT17,XLPORT TX FIFO Cell Request Count Register,REQ_CNT          Number of cell requests made to Egress Pipeline.  Max 0 to 16 for Port0 if Single Port mode.  Or 0 to 8 if Dual Port mode.  Or 0 to 4 for Quad Port Mode.,52,0x00000004,no,unknown,0x0050021a
XMAC_CTRL,XLPORT0 XLPORT1 XLPORT2 XLPORT3 XLPORT4 XLPORT5 XLPORT6 XLPORT7 XLPORT8 XLPORT9 XLPORT10 XLPORT11 XLPORT12 XLPORT13 XLPORT14 XLPORT15 XLPORT16 XLPORT17,MAC control.,"TX_EN            Transmit enable; RX_EN            Receive enable; LINE_LOCAL_LPBK  Local loopback from TX to RX. This loopback is on the line side after clock domain crossing - from the last TX pipeline stage to the first RX pipeline stage; CORE_LOCAL_LPBK  Local loopback from TX to RX. This loopback is on the core side before clock domain crossing - from the first TX pipeline stage to the last RX pipeline stage; LINE_REMOTE_LPBK Remote loopback from RX to TX. This loopback is on the line side before clock domain crossing - from the first RX pipeline stage to the last TX pipeline stage; CORE_REMOTE_LPBK Remote loopback from RX to TX. This loopback is on the core side after clock domain crossing - from the last RX pipeline stage to the first TX pipeline stage; SOFT_RESET       Resets the MAC logic annd status registers only; XLGMII_ALIGN_ENB Enables SOP, SOM & Sequence alignment to 8 byte boundaries, as defined in 40G mode; LOCAL_LPBK_LEAK_ENB If set, during either of the local loopback modes, the transmit packets are also sent to the TX Warpcore interface, apart from the loopback operation; REMOTE_LPBK_LEAK_ENB If set, during either of the remote loopback modes, the received packets are also sent to the RX Port interface, apart from the loopback operation; RS_SOFT_RESET    Resets the RS layer functionality - fault handling",52,0x0000000000000003,no,unknown,0x00500600
XMAC_PFC_CTRL,XLPORT0 XLPORT1 XLPORT2 XLPORT3 XLPORT4 XLPORT5 XLPORT6 XLPORT7 XLPORT8 XLPORT9 XLPORT10 XLPORT11 XLPORT12 XLPORT13 XLPORT14 XLPORT15 XLPORT16 XLPORT17,Transmit Per-Priority FLOW Control,PFC_REFRESH_TIMER  Threshold for pause timer to cause XOFF to be resent (Unit is 512 bit-times); PFC_XOFF_TIMER   Time value sent in the Timer Field for classes in XOFF state (Unit is 512 bit-times); PFC_REFRESH_EN   Enable automatic re-send of PFC packet after a period time determined by PFC_REFRESH_TIMER; FORCE_PFC_XON    Instructs the MAC to send XON for all Classes of Service.; RX_PASS_PFC      Set to pass RX PFC frame to core I/F; PFC_STATS_EN     Set to enable incrementing IRXPP and ITXPP.; RX_PFC_EN        PFC RX enable; TX_PFC_EN        PFC TX enable,52,0x00000001ffffc000,no,unknown,0x0050060e
XMAC_RX_CTRL,XLPORT0 XLPORT1 XLPORT2 XLPORT3 XLPORT4 XLPORT5 XLPORT6 XLPORT7 XLPORT8 XLPORT9 XLPORT10 XLPORT11 XLPORT12 XLPORT13 XLPORT14 XLPORT15 XLPORT16 XLPORT17,Receive control.,"RX_PASS_CTRL     Mac Control packets are passed to the system; RX_ANY_START     True to allow any non-Idle character to start a packet; STRIP_CRC        CRC is checked, then stripped from the received packet; STRICT_PREAMBLE  Preamble is set to IEEE Ethernet format; RUNT_THRESHOLD   The runt threshold, below which the packets are discarded.",52,0x0000000000000408,no,unknown,0x00500606
XMAC_RX_LSS_STATUS,XLPORT0 XLPORT1 XLPORT2 XLPORT3 XLPORT4 XLPORT5 XLPORT6 XLPORT7 XLPORT8 XLPORT9 XLPORT10 XLPORT11 XLPORT12 XLPORT13 XLPORT14 XLPORT15 XLPORT16 XLPORT17,"Status for LSS (ordered set) messages. These bits are sticky by nature, and can be cleared by writing to the clear register","LOCAL_FAULT_STATUS  True while ""local fault"" LSS messages are being received; REMOTE_FAULT_STATUS True while ""remote fault"" LSS messages are being received",4,0x0000000000000001,no,low (statistics),0x0050060b
XMAC_RX_MAC_SA,XLPORT0 XLPORT1 XLPORT2 XLPORT3 XLPORT4 XLPORT5 XLPORT6 XLPORT7 XLPORT8 XLPORT9 XLPORT10 XLPORT11 XLPORT12 XLPORT13 XLPORT14 XLPORT15 XLPORT16 XLPORT17,Receive source address.,RX_SA            SA recognized for MAC control packets in addition to the standard 0x0180C2000001; SA_LO            32 lower bits of the receive SA; SA_HI            16 upper bits of the receive SA,52,0x000080a23581caaf,no,unknown,0x00500607
XMAC_RX_MAX_SIZE,XLPORT0 XLPORT1 XLPORT2 XLPORT3 XLPORT4 XLPORT5 XLPORT6 XLPORT7 XLPORT8 XLPORT9 XLPORT10 XLPORT11 XLPORT12 XLPORT13 XLPORT14 XLPORT15 XLPORT16 XLPORT17,Receive maximum packet size.,"RX_MAX_SIZE      Maximum packet size in receive direction, exclusive of preamble & CRC in strip mode",52,0x00000000000005f2,no,unknown,0x00500608
XMAC_TX_MAC_SA,XLPORT0 XLPORT1 XLPORT2 XLPORT3 XLPORT4 XLPORT5 XLPORT6 XLPORT7 XLPORT8 XLPORT9 XLPORT10 XLPORT11 XLPORT12 XLPORT13 XLPORT14 XLPORT15 XLPORT16 XLPORT17,Transmit Source Address.,CTRL_SA          Used as the SA in PAUSE/PFC packets transmitted by the MAC; SA_LO            32 lower bits of the SA; SA_HI            16 upper bits of the SA,52,0x000080a23581caaf,no,unknown,0x00500605
XMODID_DUAL_EN,XLPORT0 XLPORT1 XLPORT2 XLPORT3 XLPORT4 XLPORT5 XLPORT6 XLPORT7 XLPORT8 XLPORT9 XLPORT10 XLPORT11 XLPORT12 XLPORT13 XLPORT14 XLPORT15 XLPORT16 XLPORT17,Dual-modid enable,DUAL_MODID_EN    Dual-modid is enabled,52,0x00000001,no,unknown,0x00500220
